id_anuncio,precio_oferta,superficie_m2,habitaciones,banos,distrito,codigo_postal,url,fecha_publicacion,latitud,longitud,antiguedad,calle,fecha_extraccion,tipo_inmueble,precio_por_m2,anuncios_distrito
190399711,489000.0,43,1.0,1.0,Barrio De Salamanca,28001,https://www.fotocasa.es/es/comprar/vivienda/madrid/calefaccion-ascensor-amueblado/190399711/d,2026-08-04T11:35:30.630,40.42857765397692,-3.67814024697511,8.0,Calle de Don Ramón de la Cruz,2026-09-26,piso,11372.093023255815,68
186996613,598000.0,61,2.0,1.0,Barrio De Salamanca,28009,https://www.fotocasa.es/es/comprar/vivienda/madrid/calefaccion-terraza/186996613/d,2025-07-07T16:55:26.960,40.42701099807733,-3.66927156509982,8.0,Cl. de Ayala,2026-09-26,piso,9803.27868852459,68
188146869,589000.0,65,2.0,1.0,Barrio De Salamanca,28006,https://www.fotocasa.es/es/comprar/vivienda/madrid/aire-acondicionado-calefaccion-ascensor-amueblado/188146869/d,2025-11-18T09:35:23.220,40.432608131401125,-3.6791993717939775,8.0,Calle de Juan Bravo,2026-09-26,piso,9061.538461538461,68
186993281,2495000.0,286,4.0,5.0,Barrio De Salamanca,28006,https://www.fotocasa.es/es/comprar/vivienda/madrid-capital/aire-acondicionado-calefaccion-ascensor-amueblado/186993281/d,2025-07-07T12:13:08.940,40.42829374952211,-3.670314593710366,,Calle de las Mártires Concepcionistas,2026-09-26,piso,8723.776223776224,68
188831939,485000.0,62,2.0,1.0,Barrio De Salamanca,28006,https://www.fotocasa.es/es/comprar/vivienda/madrid-capital/aire-acondicionado-calefaccion-ascensor/188831939/d,2026-02-12T18:05:25.207,40.43129596715138,-3.673885044220727,,,2026-09-26,piso,7822.580645161291,68
189312219,400000.0,45,1.0,1.0,Barrio De Salamanca,28001,https://www.fotocasa.es/es/comprar/vivienda/madrid/calefaccion-ascensor-amueblado/189312219/d,2026-04-07T19:15:30.927,40.42731355057317,-3.676905102369755,8.0,,2026-09-26,piso,8888.888888888889,68
188943151,595000.0,50,2.0,1.0,Barrio De Salamanca,28006,https://www.fotocasa.es/es/comprar/vivienda/madrid-capital/aire-acondicionado-calefaccion-ascensor-amueblado/188943151/d,2026-02-25T17:25:30.757,40.43139815371702,-3.6726520361256703,8.0,,2026-09-26,piso,11900.0,68
188588967,599000.0,48,2.0,1.0,Barrio De Salamanca,28028,https://www.fotocasa.es/es/comprar/vivienda/madrid-capital/aire-acondicionado-calefaccion-terraza-ascensor-amueblado/188588967/d,2026-01-19T16:45:30.687,40.427162935912165,-3.665854498038478,8.0,C. de Rufino Blanco,2026-09-26,piso,12479.166666666666,68
189540494,589000.0,44,2.0,1.0,Barrio De Salamanca,28009,https://www.fotocasa.es/es/comprar/vivienda/madrid/aire-acondicionado-calefaccion-ascensor-amueblado/189540494/d,2026-04-30T12:15:31.570,40.42459533483933,-3.6724287777805698,8.0,C. de Lombía,2026-09-26,piso,13386.363636363636,68
187552896,580000.0,67,2.0,1.0,Barrio De Salamanca,28028,https://www.fotocasa.es/es/comprar/vivienda/madrid/calefaccion-parking-trastero-ascensor/187552896/d,2025-09-12T17:25:22.383,40.43104606283098,-3.664819527690234,4.0,C. de Roma,2026-09-26,piso,8656.716417910447,68
189166458,510000.0,81,2.0,1.0,Centro,28004,https://www.fotocasa.es/es/comprar/vivienda/madrid/aire-acondicionado-calefaccion-trastero-ascensor-amueblado/189166458/d,2026-03-20T16:15:24.080,40.42336468670336,-3.703496452114253,,C. del Molino de Viento,2026-09-26,piso,6296.2962962962965,57
189073871,480000.0,66,2.0,1.0,Centro,28004,https://www.fotocasa.es/es/comprar/vivienda/madrid/calefaccion-trastero-ascensor/189073871/d,2026-03-11T11:25:29.957,40.422423023502034,-3.704192303422873,9.0,,2026-09-26,piso,7272.727272727273,57
190143262,3025000.0,236,4.0,5.0,Barrio De Salamanca,28006,https://www.fotocasa.es/es/comprar/vivienda/madrid-capital/aire-acondicionado-calefaccion-parking-terraza-trastero-ascensor/190143262/d,2026-07-03T15:11:00.883,40.4334895176168,-3.684421725085404,7.0,,2026-09-26,piso,12817.796610169491,68
189538966,440000.0,77,1.0,1.0,Centro,28012,https://www.fotocasa.es/es/comprar/vivienda/madrid-capital/aire-acondicionado-calefaccion-terraza-trastero-ascensor-amueblado/189538966/d,2026-04-30T10:45:34.557,40.41040380637335,-3.696454685855832,,Calle de San Ildefonso,2026-09-26,piso,5714.285714285715,57
188558463,1929000.0,132,3.0,3.0,Barrio De Salamanca,28006,https://www.fotocasa.es/es/comprar/vivienda/madrid-capital/aire-acondicionado-calefaccion-terraza-ascensor-amueblado/188558463/d,2026-01-16T16:55:24.740,40.43333231812033,-3.675555658192141,7.0,Calle de Maldonado,2026-09-26,piso,14613.636363636364,68
187855074,1395000.0,116,2.0,2.0,Barrio De Salamanca,28006,https://www.fotocasa.es/es/comprar/vivienda/madrid/aire-acondicionado-calefaccion-ascensor/187855074/d,2025-10-15T14:05:27.947,40.43120636858136,-3.674205664401077,8.0,C. de Padilla,2026-09-26,piso,12025.862068965518,68
187776527,719000.0,50,2.0,1.0,Barrio De Salamanca,28009,https://www.fotocasa.es/es/comprar/vivienda/madrid/aire-acondicionado-calefaccion-ascensor-amueblado/187776527/d,2025-10-06T17:46:27.593,40.42337144355863,-3.675943586930683,8.0,C. de Jorge Juan,2026-09-26,piso,14380.0,68
189316512,369000.0,60,2.0,2.0,Centro,28012,https://www.fotocasa.es/es/comprar/vivienda/madrid/aire-acondicionado-calefaccion-amueblado/189316512/d,2026-04-08T11:16:19.933,40.413169447848766,-3.703246432270752,9.0,Calle de los Relatores,2026-09-26,piso,6150.0,57
188217303,1495000.0,128,3.0,3.0,Barrio De Salamanca,28006,https://www.fotocasa.es/es/comprar/vivienda/madrid/aire-acondicionado-calefaccion-ascensor/188217303/d,2025-11-26T12:05:36.400,40.429455978420044,-3.673176895144607,8.0,,2026-09-26,piso,11679.6875,68
188317693,675000.0,50,2.0,1.0,Barrio De Salamanca,28006,https://www.fotocasa.es/es/comprar/vivienda/madrid-capital/aire-acondicionado-calefaccion-ascensor/188317693/d,2025-12-09T12:15:28.543,40.43162148738234,-3.682816068394349,,,2026-09-26,piso,13500.0,68
188880475,925000.0,111,3.0,2.0,Centro,28015,https://www.fotocasa.es/es/comprar/vivienda/madrid-capital/aire-acondicionado-calefaccion-ascensor/188880475/d,2026-02-18T18:27:24.307,40.42499518845767,-3.710317674827173,,Calle SAN BERNARDINO,2026-09-26,piso,8333.333333333334,57
190909371,2990000.0,209,3.0,4.0,Barrio De Salamanca,28009,https://www.fotocasa.es/es/comprar/vivienda/madrid-capital/aire-acondicionado-calefaccion-terraza-trastero-ascensor-amueblado/190909371/d,2026-09-22T18:31:10.987,40.42487590069232,-3.673982270591725,,Goya,2026-09-26,piso,14306.22009569378,68
189927052,495000.0,72,2.0,1.0,Centro,28012,https://www.fotocasa.es/es/comprar/vivienda/madrid/calefaccion-ascensor-no-amueblado/189927052/d,2026-06-09T16:49:05.637,40.40791260170429,-3.701614819262653,,,2026-09-26,piso,6875.0,57
189927066,470000.0,72,2.0,2.0,Centro,28005,https://www.fotocasa.es/es/comprar/vivienda/madrid/calefaccion-no-amueblado/189927066/d,2026-06-09T16:51:05.527,40.408723283952185,-3.7065888461848617,,,2026-09-26,piso,6527.777777777777,57
190303595,568000.0,66,2.0,1.0,Barrio De Salamanca,28006,https://www.fotocasa.es/es/comprar/vivienda/madrid/aire-acondicionado-calefaccion-ascensor-amueblado/190303595/d,2026-07-22T17:05:29.373,40.42893705603621,-3.673725659323222,8.0,Alcántara,2026-09-26,piso,8606.060606060606,68
190014498,990000.0,84,2.0,2.0,Chamberí,28010,https://www.fotocasa.es/es/comprar/vivienda/madrid-capital/aire-acondicionado-calefaccion-ascensor-no-amueblado/190014498/d,2026-06-18T17:19:30.850,40.43536908424989,-3.6955368197808034,9.0,Paseo del General Martínez Campos,2026-09-26,piso,11785.714285714286,50
186931379,690000.0,84,2.0,1.0,Barrio De Salamanca,28028,https://www.fotocasa.es/es/comprar/vivienda/madrid/calefaccion-parking-ascensor-piscina/186931379/d,2025-06-30T17:15:20.400,40.43652692506655,-3.671011229975186,5.0,,2026-09-26,piso,8214.285714285714,68
190909367,1750000.0,162,3.0,3.0,Tetuán,28020,https://www.fotocasa.es/es/comprar/vivienda/madrid-capital/aire-acondicionado-calefaccion-terraza-trastero-ascensor-amueblado/190909367/d,2026-09-22T18:30:58.047,40.45328189331688,-3.697564193276836,,Presidente Carmona,2026-09-26,piso,10802.469135802468,22
184836584,455000.0,58,1.0,1.0,Centro,28012,https://www.fotocasa.es/es/comprar/vivienda/madrid/aire-acondicionado-calefaccion-ascensor-patio-amueblado/184836584/d,2024-11-11T10:28:53.187,40.41379149300605,-3.7022987300689287,9.0,Calle Atocha,2026-09-26,piso,7844.827586206897,57
186908705,695000.0,71,2.0,2.0,Barrio De Salamanca,28028,https://www.fotocasa.es/es/comprar/vivienda/madrid/calefaccion-parking-terraza-ascensor-amueblado/186908705/d,2025-06-27T12:15:34.320,40.43625845785879,-3.674232882683534,5.0,,2026-09-26,piso,9788.732394366198,68
189891545,1140000.0,104,2.0,2.0,Barrio De Salamanca,28001,https://www.fotocasa.es/es/comprar/vivienda/madrid-capital/aire-acondicionado-calefaccion-terraza-ascensor-amueblado/189891545/d,2026-06-05T10:02:21.120,40.42467353119402,-3.677618240191704,8.0,GOYA,2026-09-26,piso,10961.538461538461,68
190688730,1070000.0,116,2.0,2.0,Retiro,28009,https://www.fotocasa.es/es/comprar/vivienda/madrid-capital/aire-acondicionado-calefaccion-ascensor-no-amueblado/190688730/d,2026-09-07T17:58:23.133,40.4169909849206,-3.670366603746855,8.0,Calle del Alcalde Sainz de Baranda,2026-09-26,piso,9224.137931034482,35
188897093,620000.0,67,2.0,1.0,Centro,28013,https://www.fotocasa.es/es/comprar/vivienda/madrid/aire-acondicionado-calefaccion-ascensor-amueblado/188897093/d,2026-02-20T13:15:27.167,40.41667814383246,-3.702968154540872,,Pl. de la Ilustración,2026-09-26,piso,9253.731343283582,57
189518849,330000.0,44,1.0,1.0,Centro,28004,https://www.fotocasa.es/es/comprar/vivienda/madrid/aire-acondicionado-calefaccion-ascensor-amueblado/189518849/d,2026-04-28T12:25:25.400,40.43087210916624,-3.705970829349349,,,2026-09-26,piso,7500.0,57
189848563,715000.0,103,3.0,2.0,Barrio De Salamanca,28028,https://www.fotocasa.es/es/comprar/vivienda/madrid-capital/aire-acondicionado-calefaccion-terraza-ascensor-television-internet-no-amueblado/189848563/d,2026-06-02T11:18:50.253,40.43117850065179,-3.668678327759057,7.0,Calle de Francisco Navacerrada,2026-09-26,piso,6941.747572815534,68
184823801,670000.0,123,5.0,2.0,Centro,28012,https://www.fotocasa.es/es/comprar/vivienda/madrid-capital/aire-acondicionado-calefaccion-amueblado/184823801/d,2024-11-08T18:05:34.147,40.40863221735976,-3.7012357425176,9.0,Pl. de Lavapiés,2026-09-26,piso,5447.154471544715,57
189382740,749000.0,88,3.0,2.0,Centro,28012,https://www.fotocasa.es/es/comprar/vivienda/madrid/aire-acondicionado-calefaccion-jardin-trastero-ascensor/189382740/d,2026-04-15T14:25:30.163,40.413064458746895,-3.70516981601244,9.0,Calle del Conde de Romanones,2026-09-26,piso,8511.363636363636,57
189373984,1400000.0,108,3.0,2.0,Chamberí,28010,https://www.fotocasa.es/es/comprar/vivienda/madrid/aire-acondicionado-calefaccion-ascensor-amueblado/189373984/d,2026-04-14T19:00:21.103,40.43795628859283,-3.6980183807994766,9.0,De José Abascal,2026-09-26,piso,12962.962962962964,50
188715475,238000.0,26,1.0,1.0,Tetuán,28020,https://www.fotocasa.es/es/comprar/vivienda/madrid/amueblado/188715475/d,2026-01-31T10:28:35.573,40.45040590839496,-3.7022563292674735,8.0,Calle de San Antonio,2026-09-26,piso,9153.846153846154,22
190309905,287000.0,34,1.0,1.0,Centro,28004,https://www.fotocasa.es/es/comprar/vivienda/madrid/aire-acondicionado-calefaccion-amueblado/190309905/d,2026-07-23T10:53:21.753,40.42494084529984,-3.704717023802228,,,2026-09-26,piso,8441.176470588236,57
190246397,395000.0,64,2.0,2.0,Centro,28014,https://www.fotocasa.es/es/comprar/vivienda/madrid-capital/ascensor/190246397/d,2026-07-16T06:31:31.020,40.41258115947528,-3.6963953602188666,,,2026-09-26,piso,6171.875,57
190233041,495000.0,91,1.0,1.0,Retiro,28007,https://www.fotocasa.es/es/comprar/vivienda/madrid-capital/aire-acondicionado-calefaccion-parking-trastero-ascensor-amueblado-piscina/190233041/d,2026-07-14T16:45:30.360,40.397919369710486,-3.6726994484927817,4.0,C. de Barrilero,2026-09-26,piso,5439.56043956044,35
188631409,629000.0,68,2.0,1.0,Centro,28004,https://www.fotocasa.es/es/comprar/vivienda/madrid-capital/aire-acondicionado-calefaccion-ascensor-amueblado/188631409/d,2026-01-23T12:15:24.667,40.42392900581411,-3.7014388599343526,9.0,C. de Colón,2026-09-26,piso,9250.0,57
188657699,495000.0,51,4.0,2.0,Retiro,28007,https://www.fotocasa.es/es/comprar/vivienda/madrid/aire-acondicionado-calefaccion-ascensor-amueblado/188657699/d,2026-01-26T14:15:41.653,40.40428239983182,-3.674092162952429,7.0,C. de Sánchez Barcáiztegui,2026-09-26,piso,9705.882352941177,35
189897467,470000.0,51,2.0,1.0,Retiro,28009,https://www.fotocasa.es/es/comprar/vivienda/madrid/calefaccion-ascensor-patio-amueblado/189897467/d,2026-06-05T19:05:34.293,40.41863840630169,-3.676638049742365,8.0,Calle IBIZA,2026-09-26,piso,9215.686274509804,35
188336271,1140000.0,94,2.0,2.0,Chamberí,28010,https://www.fotocasa.es/es/comprar/vivienda/madrid/aire-acondicionado-calefaccion-terraza-ascensor-amueblado/188336271/d,2025-12-11T12:55:31.333,40.43582357537751,-3.699837700186025,8.0,Calle de Viriato,2026-09-26,piso,12127.659574468085,50
190182080,595000.0,58,1.0,1.0,Chamberí,28010,https://www.fotocasa.es/es/comprar/vivienda/madrid/aire-acondicionado-calefaccion-trastero-ascensor/190182080/d,2026-07-08T11:35:36.970,40.434163078756,-3.7003387362112425,8.0,,2026-09-26,piso,10258.620689655172,50
189393247,465000.0,48,1.0,1.0,Chamberí,28010,https://www.fotocasa.es/es/comprar/vivienda/madrid-capital/aire-acondicionado-calefaccion/189393247/d,2026-04-16T13:45:40,40.4295487631094,-3.702464097809137,8.0,,2026-09-26,piso,9687.5,50
190222484,530000.0,77,3.0,2.0,Retiro,28009,https://www.fotocasa.es/es/comprar/vivienda/madrid/calefaccion-ascensor/190222484/d,2026-07-13T15:15:22.233,40.41664031852492,-3.675494710479476,,C/ del Alcalde Sainz de Baranda,2026-09-26,piso,6883.116883116883,35
189860996,459000.0,92,1.0,2.0,Chamartín,28002,https://www.fotocasa.es/es/comprar/vivienda/madrid-capital/aire-acondicionado-calefaccion-terraza-no-amueblado/189860996/d,2026-06-03T12:06:54.010,40.4470089506446,-3.674822401387373,7.0,,2026-09-26,piso,4989.130434782609,34
189820219,389000.0,69,1.0,1.0,Retiro,28007,https://www.fotocasa.es/es/comprar/vivienda/madrid/aire-acondicionado-calefaccion-ascensor-patio-no-amueblado/189820219/d,2026-05-29T15:34:34.200,40.40510311104189,-3.6816034877235486,,,2026-09-26,piso,5637.68115942029,35
190346392,530000.0,58,2.0,1.0,Chamberí,28003,https://www.fotocasa.es/es/comprar/vivienda/madrid/aire-acondicionado-calefaccion-ascensor-no-amueblado/190346392/d,2026-07-28T12:16:22.643,40.441513124984745,-3.7022406633243854,8.0,,2026-09-26,piso,9137.931034482759,50
190499105,500000.0,47,2.0,1.0,Chamartín,28016,https://www.fotocasa.es/es/comprar/vivienda/madrid-capital/aire-acondicionado-calefaccion-ascensor-amueblado/190499105/d,2026-08-18T06:31:48.053,40.45374986177174,-3.6756224617109874,,,2026-09-26,piso,10638.297872340425,34
186436210,499000.0,118,2.0,2.0,Tetuán,28029,https://www.fotocasa.es/es/comprar/vivienda/madrid/aire-acondicionado-calefaccion-terraza/186436210/d,2025-05-09T18:05:39.950,40.47034044852685,-3.692663402951214,7.0,C. de San Leopoldo,2026-09-26,piso,4228.813559322034,22
190239989,770000.0,155,5.0,2.0,Barrio De Salamanca,28028,https://www.fotocasa.es/es/comprar/vivienda/madrid/calefaccion-trastero-ascensor-no-amueblado/190239989/d,2026-07-15T12:43:57.120,40.4387759554514,-3.661152474655136,7.0,Avenida de Brasilia,2026-09-26,piso,4967.741935483871,68
189727544,420000.0,54,2.0,1.0,Barrio De Salamanca,28028,https://www.fotocasa.es/es/comprar/vivienda/madrid-capital/aire-acondicionado-calefaccion-ascensor-amueblado-television-internet/189727544/d,2026-05-19T19:32:01.860,40.4348807545986,-3.672851385700557,6.0,Calle de Ardemans,2026-09-26,piso,7777.777777777777,68
188928757,750000.0,125,3.0,2.0,Chamberí,28015,https://www.fotocasa.es/es/comprar/vivienda/madrid/aire-acondicionado-calefaccion-ascensor/188928757/d,2026-02-24T13:05:29.057,40.43350344012578,-3.704442051233338,,Calle de Fuencarral,2026-09-26,piso,6000.0,50
190865536,1295000.0,103,2.0,2.0,Barrio De Salamanca,28001,https://www.fotocasa.es/es/comprar/vivienda/madrid-capital/aire-acondicionado-calefaccion-ascensor-amueblado/190865536/d,2026-09-18T10:08:26.187,40.42704142612097,-3.678385028146998,8.0,GENERAL PARDIÑAS,2026-09-26,piso,12572.815533980582,68
190299471,360000.0,61,1.0,1.0,Tetuán,28029,https://www.fotocasa.es/es/comprar/vivienda/madrid/aire-acondicionado-calefaccion-parking-ascensor-amueblado/190299471/d,2026-07-22T11:08:42.270,40.46744911769434,-3.700566568237246,4.0,Calle Guindos,2026-09-26,piso,5901.639344262295,22
189625641,1620000.0,130,3.0,2.0,Barrio De Salamanca,28006,https://www.fotocasa.es/es/comprar/vivienda/madrid-capital/aire-acondicionado-calefaccion-terraza-trastero-ascensor-amueblado/189625641/d,2026-05-08T15:08:35.443,40.42753258935555,-3.672672528048052,7.0,Alcalá,2026-09-26,piso,12461.538461538461,68
189360882,1850000.0,128,2.0,2.0,Barrio De Salamanca,28001,https://www.fotocasa.es/es/comprar/vivienda/madrid-capital/aire-acondicionado-calefaccion-parking-terraza-ascensor-no-amueblado/189360882/d,2026-04-13T13:56:30.750,40.42258037110713,-3.6904383986247153,6.0,,2026-09-26,piso,14453.125,68
189576478,470000.0,35,2.0,1.0,Retiro,28009,https://www.fotocasa.es/es/comprar/vivienda/madrid/aire-acondicionado-calefaccion-ascensor-no-amueblado/189576478/d,2026-05-04T13:43:33.453,40.417571088461344,-3.674976210695979,,,2026-09-26,piso,13428.57142857143,35
189960203,470000.0,64,1.0,1.0,Tetuán,28039,https://www.fotocasa.es/es/comprar/vivienda/madrid/aire-acondicionado-calefaccion-ascensor-no-amueblado/189960203/d,2026-06-12T14:01:32.050,40.455289165915154,-3.70526048679425,3.0,,2026-09-26,piso,7343.75,22
189671921,710000.0,91,3.0,1.0,Retiro,28007,https://www.fotocasa.es/es/comprar/vivienda/madrid/aire-acondicionado-calefaccion-ascensor/189671921/d,2026-05-13T17:45:28.470,40.40550140084538,-3.6756637876465112,7.0,,2026-09-26,piso,7802.197802197802,35
190339189,425000.0,56,2.0,1.0,Chamartín,28002,https://www.fotocasa.es/es/comprar/vivienda/madrid-capital/aire-acondicionado-calefaccion/190339189/d,2026-07-27T14:25:28.297,40.4462711470642,-3.6633198118283614,8.0,C. de Julio López,2026-09-26,piso,7589.285714285715,34
190051183,500000.0,47,2.0,1.0,Chamartín,28016,https://www.fotocasa.es/es/comprar/vivienda/madrid/aire-acondicionado-calefaccion-ascensor-amueblado/190051183/d,2026-06-23T13:37:17.657,40.45433673094112,-3.672624223247798,7.0,,2026-09-26,piso,10638.297872340425,34
188926529,499000.0,118,2.0,2.0,Tetuán,28029,https://www.fotocasa.es/es/comprar/vivienda/madrid/aire-acondicionado-calefaccion-no-amueblado/188926529/d,2026-02-24T10:24:46.983,40.47030848843169,-3.692841351023216,7.0,San Leopoldo,2026-09-26,piso,4228.813559322034,22
185503479,575000.0,41,1.0,1.0,Chamartín,28016,https://www.fotocasa.es/es/comprar/vivienda/madrid/aire-acondicionado-calefaccion-ascensor-no-amueblado/185503479/d,2025-01-31T14:53:35.400,40.46068698827138,-3.67611285555908,7.0,,2026-09-26,piso,14024.390243902439,34
189950108,1100000.0,113,3.0,3.0,Chamberí,28010,https://www.fotocasa.es/es/comprar/vivienda/madrid-capital/calefaccion-ascensor-internet-no-amueblado/189950108/d,2026-06-11T15:54:37.600,40.435198661883646,-3.702274102999134,9.0,Calle del General Álvarez de Castro,2026-09-26,piso,9734.513274336283,50
190888136,430000.0,66,1.0,1.0,Barrio De Salamanca,28028,https://www.fotocasa.es/es/comprar/vivienda/madrid-capital/aire-acondicionado-calefaccion-trastero-ascensor-television-internet-no-amueblado/190888136/d,2026-09-21T12:34:03.927,40.43470932085194,-3.66368915554912,5.0,Calle de Francisco Altimiras,2026-09-26,piso,6515.151515151515,68
188558822,699000.0,55,2.0,1.0,Retiro,28009,https://www.fotocasa.es/es/comprar/vivienda/madrid/aire-acondicionado-calefaccion-ascensor-amueblado/188558822/d,2026-01-16T17:35:22.707,40.42025745204467,-3.677532442873484,8.0,C. de Lope de Rueda,2026-09-26,piso,12709.09090909091,35
190739336,430000.0,72,2.0,1.0,Arganzuela,28045,https://www.fotocasa.es/es/comprar/vivienda/madrid-capital/aire-acondicionado-calefaccion-ascensor-amueblado-television/190739336/d,2026-09-11T11:52:29.280,40.401191388567874,-3.699200408692424,8.0,Paseo de Santa María de la Cabeza,2026-09-26,piso,5972.222222222223,27
190362873,700000.0,120,3.0,2.0,Latina,28024,https://www.fotocasa.es/es/comprar/vivienda/madrid-capital/aire-acondicionado-calefaccion-parking-trastero-ascensor-piscina-no-amueblado/190362873/d,2026-07-30T10:25:11.597,40.395101965846926,-3.7761112147632736,5.0,Calle de Sanchidrián,2026-09-26,piso,5833.333333333333,11
186741799,2075000.0,234,5.0,4.0,Chamartín,28002,https://www.fotocasa.es/es/comprar/vivienda/madrid-capital/aire-acondicionado-calefaccion-parking-terraza-trastero-ascensor/186741799/d,2025-06-09T18:25:35.060,40.44469924602134,-3.67664277779633,6.0,C. de Pechuán,2026-09-26,piso,8867.521367521367,34
189935217,412500.0,53,1.0,1.0,Ciudad Lineal,28033,https://www.fotocasa.es/es/comprar/vivienda/madrid/aire-acondicionado-calefaccion-parking-jardin-trastero-ascensor-piscina/189935217/d,2026-06-10T11:05:33.497,40.47106151123887,-3.6695350137432663,4.0,,2026-09-26,piso,7783.018867924528,17
188657198,590000.0,84,2.0,2.0,Ciudad Lineal,28043,https://www.fotocasa.es/es/comprar/vivienda/madrid/aire-acondicionado-calefaccion-parking-jardin-terraza-ascensor-piscina/188657198/d,2026-01-26T13:36:06.733,40.44769200567461,-3.661111363718722,6.0,,2026-09-26,piso,7023.809523809524,17
189526987,1090000.0,151,4.0,4.0,Chamartín,28002,https://www.fotocasa.es/es/comprar/vivienda/madrid-capital/aire-acondicionado-calefaccion-parking-trastero-ascensor/189526987/d,2026-04-29T09:36:33.393,40.445191360152144,-3.675129301598981,6.0,,2026-09-26,piso,7218.543046357616,34
190336846,1950000.0,210,6.0,2.0,Centro,28013,https://www.fotocasa.es/es/comprar/vivienda/madrid/calefaccion-trastero-ascensor-no-amueblado/190336846/d,2026-07-27T11:19:43.140,40.41601365431926,-3.709682930615045,,Calle de Santiago,2026-09-26,piso,9285.714285714286,57
189819288,2190000.0,204,3.0,4.0,Retiro,28009,https://www.fotocasa.es/es/comprar/vivienda/madrid-capital/aire-acondicionado-calefaccion-parking-terraza-ascensor/189819288/d,2026-05-29T13:48:31.517,40.41813640577059,-3.6734689317551874,7.0,,2026-09-26,piso,10735.29411764706,35
189682168,2250000.0,228,4.0,4.0,Chamartín,28036,https://www.fotocasa.es/es/comprar/vivienda/madrid-capital/aire-acondicionado-calefaccion-parking-terraza-trastero-zona-comunitaria-ascensor/189682168/d,2026-05-14T17:23:09.400,40.45258167186497,-3.687337310816352,6.0,,2026-09-26,piso,9868.421052631578,34
190094682,649000.0,157,3.0,2.0,Fuencarral - El Pardo,28050,https://www.fotocasa.es/es/comprar/vivienda/madrid/calefaccion-piscina/190094682/d,2026-06-29T12:29:14.367,40.50503497282082,-3.6760963396334456,4.0,,2026-09-26,piso,4133.75796178344,17
188232683,610000.0,144,4.0,2.0,Usera,28026,https://www.fotocasa.es/es/comprar/vivienda/madrid/aire-acondicionado-calefaccion/188232683/d,2025-11-27T18:26:07.307,40.391109080687,-3.710809612020588,,,2026-09-26,piso,4236.111111111111,5
190372850,299900.0,40,2.0,1.0,Arganzuela,28045,https://www.fotocasa.es/es/comprar/vivienda/madrid/aire-acondicionado-calefaccion-amueblado-television/190372850/d,2026-07-31T11:10:51.810,40.4014867,-3.6972119,,Calle de Tarragona,2026-09-26,piso,7497.5,27
189988414,740000.0,93,3.0,2.0,Chamberí,28003,https://www.fotocasa.es/es/comprar/vivienda/madrid-capital/calefaccion-ascensor/189988414/d,2026-06-16T11:06:41.960,40.445793468024185,-3.711667220506266,8.0,Calle SOTOMAYOR,2026-09-26,piso,7956.989247311828,50
189628607,945000.0,122,2.0,2.0,Chamartín,28002,https://www.fotocasa.es/es/comprar/vivienda/madrid-capital/aire-acondicionado-calefaccion-parking-terraza-ascensor/189628607/d,2026-05-08T19:13:37.970,40.44172644299471,-3.6806950632207696,7.0,Calle Calle Antonio Pérez,2026-09-26,piso,7745.901639344263,34
189670604,315000.0,50,1.0,1.0,Centro,28012,https://www.fotocasa.es/es/comprar/vivienda/madrid/aire-acondicionado-calefaccion-no-amueblado/189670604/d,2026-05-13T15:58:01.673,40.4092083,-3.700575,6.0,Calle de la Primavera,2026-09-26,piso,6300.0,57
189473327,945000.0,104,3.0,2.0,Retiro,28009,https://www.fotocasa.es/es/comprar/vivienda/madrid-capital/aire-acondicionado-calefaccion-ascensor/189473327/d,2026-04-23T17:25:35.417,40.41777664634848,-3.671075265633324,8.0,C. de Ibiza,2026-09-26,piso,9086.538461538461,35
189424027,525000.0,80,1.0,1.0,Hortaleza,28050,https://www.fotocasa.es/es/comprar/vivienda/madrid/aire-acondicionado-calefaccion-parking-jardin-trastero-ascensor-amueblado-piscina/189424027/d,2026-04-20T10:35:35.747,40.48585689832774,-3.667834120760933,4.0,C. de Dulce Chacón,2026-09-26,piso,6562.5,26
189401242,545000.0,73,1.0,1.0,Arganzuela,28045,https://www.fotocasa.es/es/comprar/vivienda/madrid/aire-acondicionado-calefaccion-parking-terraza-trastero-ascensor-piscina/189401242/d,2026-04-17T11:05:30.500,40.39244459930747,-3.6800439803130103,5.0,C. Eros,2026-09-26,piso,7465.753424657534,27
190727215,895000.0,155,4.0,3.0,Fuencarral - El Pardo,28029,https://www.fotocasa.es/es/comprar/vivienda/madrid-capital/calefaccion-parking-jardin-trastero-ascensor/190727215/d,2026-09-10T09:53:43.440,40.476021456280186,-3.701151456047294,6.0,Calle FINISTERRE,2026-09-26,piso,5774.193548387097,17
189051508,1900000.0,182,4.0,3.0,Chamartín,28036,https://www.fotocasa.es/es/comprar/vivienda/madrid/aire-acondicionado-calefaccion-parking-trastero-ascensor-no-amueblado/189051508/d,2026-03-09T11:41:25.203,40.45565415949518,-3.6872518273630672,,Calle del Profesor Waksman,2026-09-26,piso,10439.560439560439,34
188240454,495000.0,75,3.0,1.0,Arganzuela,28005,https://www.fotocasa.es/es/comprar/vivienda/madrid/aire-acondicionado-calefaccion-piscina/188240454/d,2025-11-28T16:25:26.333,40.39990795290756,-3.711309065010782,7.0,Paseo de las Yeserías,2026-09-26,piso,6600.0,27
186904791,1090000.0,120,3.0,2.0,Retiro,28009,https://www.fotocasa.es/es/comprar/vivienda/madrid/aire-acondicionado-calefaccion-ascensor-amueblado/186904791/d,2025-06-26T21:25:31.210,40.41684486610004,-3.6695752869932727,,C/ del Alcalde Sainz de Baranda,2026-09-26,piso,9083.333333333334,35
190744283,520000.0,96,4.0,1.0,Arganzuela,28045,https://www.fotocasa.es/es/comprar/vivienda/madrid-capital/aire-acondicionado-calefaccion-terraza-ascensor-no-amueblado/190744283/d,2026-09-11T20:14:38.883,40.39674945575235,-3.6995612047543385,,Fernando Poo,2026-09-26,piso,5416.666666666667,27
190393334,550000.0,97,3.0,1.0,Ciudad Lineal,28027,https://www.fotocasa.es/es/comprar/vivienda/madrid-capital/aire-acondicionado-calefaccion-ascensor-no-amueblado/190393334/d,2026-08-03T16:33:58.677,40.44153143000783,-3.644969438642473,7.0,,2026-09-26,piso,5670.103092783505,17
187197277,1599000.0,121,3.0,2.0,Barrio De Salamanca,28006,https://www.fotocasa.es/es/comprar/vivienda/madrid-capital/aire-acondicionado-calefaccion-parking-ascensor/187197277/d,2025-07-30T11:32:25.700,40.431531962084655,-3.67825198146431,,Calle del General Pardiñas,2026-09-26,piso,13214.876033057852,68
190942206,349000.0,35,1.0,1.0,Centro,28005,https://www.fotocasa.es/es/comprar/vivienda/madrid-capital/aire-acondicionado-calefaccion-no-amueblado/190942206/d,2026-09-25T17:49:10.587,40.40996112284504,-3.711753193415847,9.0,,2026-09-26,piso,9971.42857142857,57
190322442,545000.0,55,2.0,1.0,Hortaleza,28055,https://www.fotocasa.es/es/comprar/vivienda/madrid-capital/aire-acondicionado-calefaccion-parking-ascensor-piscina-no-amueblado/190322442/d,2026-07-24T14:17:15.440,40.4980557518174,-3.611177568560705,3.0,,2026-09-26,piso,9909.09090909091,26
188894655,425000.0,90,1.0,1.0,Hortaleza,28050,https://www.fotocasa.es/es/comprar/vivienda/madrid/calefaccion-parking-ascensor-piscina-no-amueblado/188894655/d,2026-02-20T10:39:55.940,40.500826015799305,-3.65751518796335,4.0,Calle de Ana de Austria,2026-09-26,piso,4722.222222222223,26
188888044,435000.0,93,1.0,1.0,Hortaleza,28050,https://www.fotocasa.es/es/comprar/vivienda/madrid/aire-acondicionado-calefaccion-parking-ascensor-no-amueblado/188888044/d,2026-02-19T14:32:23.223,40.5006673113531,-3.657917675612995,4.0,Calle de Ana de Austria,2026-09-26,piso,4677.419354838709,26
188841122,2790000.0,520,6.0,6.0,Hortaleza,28043,https://www.fotocasa.es/es/comprar/vivienda/madrid/aire-acondicionado-calefaccion-parking-jardin-terraza-trastero-piscina/188841122/d,2026-02-13T18:25:32.900,40.45814002549498,-3.643334718305141,6.0,,2026-09-26,piso,5365.384615384615,26
187679060,391000.0,74,1.0,1.0,Tetuán,28039,https://www.fotocasa.es/es/comprar/vivienda/madrid/aire-acondicionado-calefaccion-parking-terraza-ascensor-no-amueblado/187679060/d,2025-09-26T15:40:06.970,40.46867622810892,-3.704819830221086,4.0,,2026-09-26,piso,5283.783783783784,22
189755926,1280000.0,102,2.0,2.0,Barrio De Salamanca,28009,https://www.fotocasa.es/es/comprar/vivienda/madrid-capital/aire-acondicionado-calefaccion-parking-terraza-trastero-ascensor/189755926/d,2026-05-22T15:15:49.450,40.42716418291857,-3.669282070240064,5.0,,2026-09-26,piso,12549.019607843138,68
190141957,1350000.0,179,3.0,3.0,Barrio De Salamanca,28028,https://www.fotocasa.es/es/comprar/vivienda/madrid-capital/aire-acondicionado-calefaccion-parking-terraza-ascensor/190141957/d,2026-07-03T13:17:36.737,40.43080539640752,-3.667303576829315,7.0,,2026-09-26,piso,7541.899441340782,68
187994913,420000.0,61,2.0,1.0,Arganzuela,28005,https://www.fotocasa.es/es/comprar/vivienda/madrid/aire-acondicionado-calefaccion-amueblado/187994913/d,2025-10-30T17:05:46.460,40.40410726457449,-3.704689648776209,8.0,Calle de las Peñuelas,2026-09-26,piso,6885.245901639344,27
190930004,125000.0,25,2.0,1.0,Tetuán,28029,https://www.fotocasa.es/es/comprar/vivienda/madrid-capital/aire-acondicionado-amueblado/190930004/d,2026-09-24T16:03:05.727,40.4675395659608,-3.7017147968354265,,,2026-09-26,piso,5000.0,22
182281005,2500000.0,761,10.0,10.0,Moncloa - Aravaca,28023,https://www.fotocasa.es/es/comprar/vivienda/madrid/calefaccion-parking-jardin-terraza-trastero-piscina/182281005/d,2024-03-11T13:25:21.967,40.469574270503365,-3.798116036850709,7.0,,2026-09-26,piso,3285.1511169513797,28
190842813,359900.0,60,2.0,1.0,Ciudad Lineal,28017,https://www.fotocasa.es/es/comprar/vivienda/madrid-capital/aire-acondicionado-calefaccion-ascensor-amueblado-television/190842813/d,2026-09-17T10:28:41.237,40.4247758,-3.6506079,,Calle de Santa Felicidad,2026-09-26,piso,5998.333333333333,17
189519007,424900.0,85,3.0,1.0,Ciudad Lineal,28027,https://www.fotocasa.es/es/comprar/vivienda/madrid-capital/aire-acondicionado-calefaccion-ascensor-amueblado-television/189519007/d,2026-04-28T12:35:11.963,40.4332336,-3.654572899999999,,Calle del Buen Gobernador,2026-09-26,piso,4998.823529411765,17
190336861,249900.0,64,2.0,1.0,Carabanchel,28019,https://www.fotocasa.es/es/comprar/vivienda/madrid/calefaccion-jardin-ascensor-internet-no-amueblado/190336861/d,2026-07-27T11:21:12.027,40.3889349,-3.7204736,7.0,Calle de Eusebio Morán,2026-09-26,piso,3904.6875,16
189368482,815000.0,88,3.0,2.0,Chamberí,28003,https://www.fotocasa.es/es/comprar/vivienda/madrid/aire-acondicionado-calefaccion-ascensor-amueblado/189368482/d,2026-04-14T11:25:34.550,40.4402924,-3.7079111,7.0,De Vallehermoso,2026-09-26,piso,9261.363636363636,50
190461567,379900.0,90,2.0,1.0,San Blas,28037,https://www.fotocasa.es/es/comprar/vivienda/madrid/aire-acondicionado-calefaccion-terraza-ascensor-amueblado-television/190461567/d,2026-08-12T17:57:29.313,40.43251679999999,-3.6235147,6.0,Calle del Castillo de Uclés,2026-09-26,piso,4221.111111111111,14
190413129,675000.0,185,4.0,3.0,Centro,28013,https://www.fotocasa.es/es/comprar/vivienda/madrid/aire-acondicionado-calefaccion-ascensor/190413129/d,2026-08-05T19:58:16.773,40.417215,-3.708583,9.0,Calle de las Fuentes,2026-09-26,piso,3648.6486486486488,57
188946493,675000.0,78,2.0,1.0,Retiro,28009,https://www.fotocasa.es/es/comprar/vivienda/madrid/aire-acondicionado-calefaccion-ascensor-amueblado/188946493/d,2026-02-25T23:33:08.650,40.4189523,-3.6732808,8.0,Calle de Máiquez,2026-09-26,piso,8653.846153846154,35
190238127,162500.0,55,2.0,1.0,Puente De Vallecas,28018,https://www.fotocasa.es/es/comprar/vivienda/madrid-capital/calefaccion-no-amueblado/190238127/d,2026-07-15T10:26:44.020,40.3819477,-3.6659087,8.0,Calle San Moisés,2026-09-26,piso,2954.5454545454545,22
189742587,1450000.0,293,5.0,3.0,Arganzuela,28005,https://www.fotocasa.es/es/comprar/vivienda/madrid/aire-acondicionado-calefaccion-jardin-terraza-ascensor/189742587/d,2026-05-21T10:55:39.400,40.4047,-3.72193,7.0,P.º de la Virgen del Puerto,2026-09-26,piso,4948.805460750853,27
190893785,509000.0,84,3.0,1.0,Barrio De Salamanca,28006,https://www.fotocasa.es/es/comprar/vivienda/madrid-capital/calefaccion-ascensor-amueblado/190893785/d,2026-09-21T17:10:41.750,40.42987571972212,-3.677969632850542,8.0,Calle del General Pardiñas,2026-09-26,piso,6059.523809523809,68
190322573,379000.0,50,2.0,1.0,Chamberí,28015,https://www.fotocasa.es/es/comprar/vivienda/madrid-capital/calefaccion-ascensor-amueblado/190322573/d,2026-07-24T14:36:35.987,40.43537132527891,-3.712273296807233,9.0,Fernández de los Ríos,2026-09-26,piso,7580.0,50
190868564,390000.0,105,4.0,2.0,Ciudad Lineal,28017,https://www.fotocasa.es/es/comprar/vivienda/madrid-capital/calefaccion-terraza-no-amueblado/190868564/d,2026-09-18T13:22:44.040,40.4315185780668,-3.644751692805112,7.0,Calle de los Urquiza,2026-09-26,piso,3714.285714285714,17
190398653,190000.0,57,2.0,1.0,Usera,28026,https://www.fotocasa.es/es/comprar/vivienda/madrid-capital/calefaccion-amueblado/190398653/d,2026-08-04T10:10:09.577,40.38593,-3.7156,8.0,Calle de la Marquesa de Silvela,2026-09-26,piso,3333.3333333333335,5
190668047,384000.0,59,2.0,1.0,Barrio De Salamanca,28028,https://www.fotocasa.es/es/comprar/vivienda/madrid-capital/aire-acondicionado-calefaccion-terraza-trastero/190668047/d,2026-09-04T20:26:49.903,40.42617847065453,-3.665729874426482,8.0,Paseo Marqués de Zafra,2026-09-26,piso,6508.474576271186,68
187460710,459000.0,115,3.0,2.0,Fuencarral - El Pardo,28034,https://www.fotocasa.es/es/comprar/vivienda/madrid/aire-acondicionado-calefaccion-terraza-no-amueblado/187460710/d,2025-09-03T12:41:14.933,40.49800792480151,-3.687405344147019,8.0,Travesía Isla de Formosa,2026-09-26,piso,3991.304347826087,17
190910679,730000.0,106,3.0,1.0,Chamartín,28016,https://www.fotocasa.es/es/comprar/vivienda/madrid-capital/aire-acondicionado-calefaccion-ascensor-amueblado/190910679/d,2026-09-22T19:50:31.757,40.45486794220112,-3.679369169103971,8.0,Calle Trueba y Fernández,2026-09-26,piso,6886.792452830188,34
190129058,269000.0,52,2.0,1.0,Arganzuela,28045,https://www.fotocasa.es/es/comprar/vivienda/madrid-capital/aire-acondicionado-calefaccion-ascensor-patio/190129058/d,2026-07-02T10:41:38.993,40.40237789915805,-3.6909878189021095,,Calle Calle General Lacy,2026-09-26,piso,5173.076923076923,27
189056148,499000.0,122,1.0,1.0,Latina,28011,https://www.fotocasa.es/es/comprar/vivienda/madrid-capital/aire-acondicionado-calefaccion-terraza-ascensor-patio-amueblado/189056148/d,2026-03-09T17:57:25.210,40.404647437989176,-3.728119704855514,4.0,Calle de Caramuel,2026-09-26,piso,4090.1639344262294,11
190808059,715000.0,89,2.0,1.0,Barrio De Salamanca,28028,https://www.fotocasa.es/es/comprar/vivienda/madrid-capital/calefaccion-terraza-ascensor-amueblado/190808059/d,2026-09-16T01:55:12.130,40.42529272263584,-3.661342813665196,7.0,SANCHO DAVILA,2026-09-26,piso,8033.70786516854,68
190492745,400000.0,98,3.0,2.0,Carabanchel,28019,https://www.fotocasa.es/es/comprar/vivienda/madrid-capital/aire-acondicionado-calefaccion-ascensor-internet-no-amueblado/190492745/d,2026-08-17T14:37:12.660,40.38589865677144,-3.725060614629554,7.0,Avenida de Oporto,2026-09-26,piso,4081.6326530612246,16
190275978,450000.0,87,3.0,1.0,Hortaleza,28033,https://www.fotocasa.es/es/comprar/vivienda/madrid/calefaccion-ascensor/190275978/d,2026-07-20T11:49:57.150,40.48058420247611,-3.661566413399932,7.0,Calle Ginzo de Limia,2026-09-26,piso,5172.413793103448,26
190589505,292000.0,71,3.0,1.0,Vicálvaro,28032,https://www.fotocasa.es/es/comprar/vivienda/madrid/aire-acondicionado-calefaccion-terraza-amueblado/190589505/d,2026-08-28T13:45:11.953,40.400618431348136,-3.605251953137647,7.0,Calle de la Huerta del Convento,2026-09-26,piso,4112.6760563380285,7
190551699,1600000.0,180,5.0,2.0,Moncloa - Aravaca,28008,https://www.fotocasa.es/es/comprar/vivienda/madrid-capital/calefaccion-terraza-ascensor-no-amueblado/190551699/d,2026-08-25T12:51:27.813,40.42969250034019,-3.719542022419543,,,2026-09-26,piso,8888.888888888889,28
190058412,495000.0,89,3.0,1.0,Tetuán,28020,https://www.fotocasa.es/es/comprar/vivienda/madrid/aire-acondicionado-calefaccion-ascensor-patio-amueblado/190058412/d,2026-06-24T10:55:13.593,40.45160851973211,-3.701915360024111,7.0,Calle de Teruel,2026-09-26,piso,5561.797752808989,22
190174220,346000.0,40,2.0,1.0,Barrio De Salamanca,28028,https://www.fotocasa.es/es/comprar/vivienda/madrid/aire-acondicionado-calefaccion-ascensor-patio-amueblado-internet/190174220/d,2026-07-07T15:29:59.023,40.42700704769093,-3.666270973683048,9.0,Calle de Concepción Bahamonde,2026-09-26,piso,8650.0,68
188967824,220000.0,59,3.0,1.0,Puente De Vallecas,28053,https://www.fotocasa.es/es/comprar/vivienda/madrid-capital/san-diego/188967824/d,2026-02-27T21:41:42.810,40.396103174,-3.669680818,8.0,Calle JUAN NAVARRO,2026-09-26,piso,3728.813559322034,22
189821117,565000.0,139,3.0,2.0,Moratalaz,28030,https://www.fotocasa.es/es/comprar/vivienda/madrid-capital/aire-acondicionado-calefaccion-parking-terraza-ascensor/189821117/d,2026-05-29T17:23:53.953,40.40947012459761,-3.638057070328963,6.0,Calle JOSE BERGAMIN,2026-09-26,piso,4064.748201438849,2
190708595,229000.0,49,2.0,1.0,Tetuán,28020,https://www.fotocasa.es/es/comprar/vivienda/madrid-capital/calefaccion-amueblado/190708595/d,2026-09-09T10:34:34.123,40.45482260264784,-3.700420685801876,8.0,Calle Lérida,2026-09-26,piso,4673.469387755102,22
190631038,267000.0,49,1.0,1.0,Vicálvaro,28052,https://www.fotocasa.es/es/comprar/vivienda/madrid/aire-acondicionado-parking-trastero-zona-comunitaria-ascensor-piscina-no-amueblado/190631038/d,2026-09-01T16:42:00.823,40.3996628,-3.5576468,,Calle Arroyo del Cañaveral,2026-09-26,piso,5448.9795918367345,7
188435892,369000.0,51,1.0,1.0,Hortaleza,28050,https://www.fotocasa.es/es/comprar/vivienda/madrid/parking-trastero-zona-comunitaria-ascensor-piscina-no-amueblado/188435892/d,2025-12-28T23:51:58.670,40.4854235,-3.6516388,,Calle del Pintor Ignacio de Zuloaga,2026-09-26,piso,7235.294117647059,26
190365637,739000.0,84,3.0,2.0,Barrio De Salamanca,28006,https://www.fotocasa.es/es/comprar/vivienda/madrid/calefaccion-ascensor/190365637/d,2026-07-30T13:41:44.390,40.428444347,-3.672627292,6.0,Calle DON RAMON DE LA CRUZ,2026-09-26,piso,8797.619047619048,68
188920641,255000.0,80,2.0,1.0,Villaverde,28021,https://www.fotocasa.es/es/comprar/vivienda/madrid/parking-zona-comunitaria-ascensor-piscina-no-amueblado/188920641/d,2026-02-23T17:17:52.520,40.3418849,-3.6761795,,Calle de Berrocal,2026-09-26,piso,3187.5,11
188679475,328000.0,75,2.0,1.0,Vicálvaro,28032,https://www.fotocasa.es/es/comprar/vivienda/madrid/parking-zona-comunitaria-ascensor-piscina-no-amueblado/188679475/d,2026-01-28T15:12:37.563,40.3949966,-3.6258516,,Calle del Péndulo,2026-09-26,piso,4373.333333333333,7
190762680,1450000.0,134,3.0,3.0,Chamberí,28010,https://www.fotocasa.es/es/comprar/vivienda/madrid-capital/calefaccion-parking-ascensor/190762680/d,2026-09-14T14:35:42.447,40.433965611730684,-3.692871218727168,8.0,C. de Rafael Calvo,2026-09-26,piso,10820.89552238806,50
190710300,1050000.0,148,3.0,3.0,Chamberí,28003,https://www.fotocasa.es/es/comprar/vivienda/madrid-capital/aire-acondicionado-calefaccion-terraza-trastero-ascensor/190710300/d,2026-09-09T12:15:42.760,40.4426334186267,-3.702316780920346,7.0,Calle de Sta Engracia,2026-09-26,piso,7094.594594594595,50
190761048,340000.0,31,1.0,1.0,Barrio De Salamanca,28006,https://www.fotocasa.es/es/comprar/vivienda/madrid-capital/aire-acondicionado-calefaccion-ascensor-amueblado-piscina/190761048/d,2026-09-14T13:55:34.533,40.431636041063626,-3.67238646134937,6.0,C. de Agustina de Aragón,2026-09-26,piso,10967.741935483871,68
189186648,1730000.0,248,3.0,3.0,Chamberí,28010,https://www.fotocasa.es/es/comprar/vivienda/madrid-capital/aire-acondicionado-calefaccion-parking-terraza-trastero-ascensor/189186648/d,2026-03-23T14:45:44.900,40.43720314289423,-3.699610056618902,,Calle de Santa Engracia,2026-09-26,piso,6975.806451612903,50
190642556,865000.0,102,2.0,2.0,Chamberí,28003,https://www.fotocasa.es/es/comprar/vivienda/madrid-capital/aire-acondicionado-calefaccion-terraza-ascensor/190642556/d,2026-09-02T16:25:32.533,40.44358049549317,-3.697630480934584,6.0,C. de Alonso Cano,2026-09-26,piso,8480.392156862745,50
190889742,1150000.0,177,3.0,2.0,Fuencarral - El Pardo,28035,https://www.fotocasa.es/es/comprar/vivienda/madrid-capital/aire-acondicionado-calefaccion-parking-jardin-trastero-ascensor-piscina/190889742/d,2026-09-21T13:55:41.177,40.47193322700316,-3.716790301577197,4.0,C. de Buitrago del Lozoya,2026-09-26,piso,6497.175141242938,17
189820675,345000.0,35,2.0,1.0,Tetuán,28020,https://www.fotocasa.es/es/comprar/vivienda/madrid-capital/aire-acondicionado-calefaccion-trastero-ascensor/189820675/d,2026-05-29T16:35:20.947,40.45473362290719,-3.6930215558443096,7.0,C. de Pedro Teixeira,2026-09-26,piso,9857.142857142857,22
190323642,1195000.0,160,3.0,2.0,Moncloa - Aravaca,28023,https://www.fotocasa.es/es/comprar/vivienda/madrid-capital/aire-acondicionado-calefaccion-parking-terraza-trastero-ascensor-piscina/190323642/d,2026-07-24T17:25:33.540,40.44702015791213,-3.784276395931937,4.0,Av. del Talgo,2026-09-26,piso,7468.75,28
189895208,1400000.0,287,4.0,3.0,Moncloa - Aravaca,28035,https://www.fotocasa.es/es/comprar/vivienda/madrid-capital/aire-acondicionado-calefaccion-parking-jardin-terraza-trastero-ascensor-piscina/189895208/d,2026-06-05T14:45:45.857,40.46947906767592,-3.7269640539075737,,C. de Artesa de Segre,2026-09-26,piso,4878.048780487805,28
190870387,790000.0,110,3.0,2.0,Retiro,28007,https://www.fotocasa.es/es/comprar/vivienda/madrid-capital/aire-acondicionado-calefaccion-ascensor-amueblado/190870387/d,2026-09-18T16:05:32.837,40.405459033226045,-3.677023789741171,8.0,C. de Valderribas,2026-09-26,piso,7181.818181818182,35
190697055,730000.0,68,1.0,1.0,Tetuán,28020,https://www.fotocasa.es/es/comprar/vivienda/madrid-capital/aire-acondicionado-calefaccion-parking-ascensor/190697055/d,2026-09-08T13:25:40.080,40.45220402833828,-3.6942871764336553,7.0,Av. del General Perón,2026-09-26,piso,10735.29411764706,22
190357674,1395000.0,132,3.0,2.0,Chamberí,28010,https://www.fotocasa.es/es/comprar/vivienda/madrid-capital/aire-acondicionado-calefaccion-terraza-ascensor/190357674/d,2026-07-29T15:45:34.467,40.43711840357538,-3.694480735452799,8.0,Calle de Fernández de la Hoz,2026-09-26,piso,10568.181818181818,50
190836988,370000.0,50,2.0,1.0,Arganzuela,28045,https://www.fotocasa.es/es/comprar/vivienda/madrid-capital/aire-acondicionado-calefaccion-jardin-ascensor/190836988/d,2026-09-16T17:25:37.103,40.39908822368864,-3.694249455018208,9.0,Paseo de las Delicias,2026-09-26,piso,7400.0,27
190835894,2600000.0,237,4.0,4.0,Chamberí,28015,https://www.fotocasa.es/es/comprar/vivienda/madrid-capital/aire-acondicionado-calefaccion-terraza-trastero-ascensor-amueblado/190835894/d,2026-09-16T15:45:38.540,40.43856208871116,-3.716688068163237,8.0,C. de Hilarión Eslava,2026-09-26,piso,10970.464135021097,50
190816683,899000.0,91,3.0,2.0,Chamberí,28015,https://www.fotocasa.es/es/comprar/vivienda/madrid-capital/aire-acondicionado-calefaccion-ascensor-amueblado/190816683/d,2026-09-16T09:55:28.670,40.43753396842208,-3.712901206279696,8.0,C. de Joaquín María López,2026-09-26,piso,9879.12087912088,50
190793792,1150000.0,159,4.0,3.0,Arganzuela,28045,https://www.fotocasa.es/es/comprar/vivienda/madrid-capital/aire-acondicionado-calefaccion-parking-jardin-trastero-ascensor-piscina/190793792/d,2026-09-15T13:45:34.880,40.39334511829066,-3.6795688939381246,5.0,C. de Eros,2026-09-26,piso,7232.704402515723,27
190791427,1229000.0,83,2.0,2.0,Barrio De Salamanca,28001,https://www.fotocasa.es/es/comprar/vivienda/madrid-capital/aire-acondicionado-calefaccion-ascensor-amueblado/190791427/d,2026-09-15T12:55:38.197,40.42523320528369,-3.6781466245637287,8.0,Calle del Gral. Pardiñas,2026-09-26,piso,14807.22891566265,68
190757807,950000.0,112,5.0,2.0,Barrio De Salamanca,28028,https://www.fotocasa.es/es/comprar/vivienda/madrid-capital/aire-acondicionado-calefaccion-parking-ascensor/190757807/d,2026-09-14T10:55:35.243,40.43483734235536,-3.673928276208715,7.0,C/ de Francisco Silvela,2026-09-26,piso,8482.142857142857,68
190741614,789000.0,54,2.0,1.0,Barrio De Salamanca,28009,https://www.fotocasa.es/es/comprar/vivienda/madrid-capital/aire-acondicionado-calefaccion-ascensor-amueblado/190741614/d,2026-09-11T14:55:27.120,40.42725790695195,-3.669068686690532,8.0,Cl. de Ayala,2026-09-26,piso,14611.111111111111,68
189126081,1245000.0,178,4.0,2.0,Chamartín,28016,https://www.fotocasa.es/es/comprar/vivienda/madrid-capital/aire-acondicionado-calefaccion-parking-jardin-terraza-ascensor-piscina/189126081/d,2026-03-17T09:55:42.180,40.46113094694439,-3.668301391425551,7.0,C/ de Federico Salmón,2026-09-26,piso,6994.38202247191,34
190569092,490000.0,68,1.0,1.0,Arganzuela,28045,https://www.fotocasa.es/es/comprar/vivienda/madrid-capital/aire-acondicionado-calefaccion-parking-jardin-ascensor-piscina/190569092/d,2026-08-27T12:55:26.890,40.39940818549154,-3.6972971002855095,6.0,Calle del Gral. Palanca,2026-09-26,piso,7205.882352941177,27
190022839,945000.0,102,3.0,2.0,Chamartín,28016,https://www.fotocasa.es/es/comprar/vivienda/madrid/aire-acondicionado-calefaccion-parking-ascensor/190022839/d,2026-06-19T14:25:41.223,40.45456646553642,-3.679784233480485,7.0,C. de Trueba y Fernández,2026-09-26,piso,9264.70588235294,34
190355279,1339000.0,142,3.0,2.0,Centro,28008,https://www.fotocasa.es/es/comprar/vivienda/madrid/aire-acondicionado-calefaccion-ascensor-amueblado/190355279/d,2026-07-29T12:15:35.843,40.42906743217329,-3.714984177074889,8.0,Calle de la Princesa,2026-09-26,piso,9429.577464788732,57
190337270,995599.0,81,2.0,1.0,Chamberí,28010,https://www.fotocasa.es/es/comprar/vivienda/madrid/aire-acondicionado-calefaccion-ascensor/190337270/d,2026-07-27T11:55:40.237,40.43627969247747,-3.6975614693259513,8.0,Calle de García de Paredes,2026-09-26,piso,12291.345679012345,50
190185428,1899000.0,184,3.0,2.0,Barrio De Salamanca,28006,https://www.fotocasa.es/es/comprar/vivienda/madrid/aire-acondicionado-calefaccion-parking-terraza-ascensor-amueblado/190185428/d,2026-07-08T16:35:35.657,40.428361309780335,-3.6697262557009,6.0,Calle de Don Ramón de la Cruz,2026-09-26,piso,10320.652173913044,68
186553527,359000.0,75,1.0,1.0,Centro,28004,https://www.fotocasa.es/es/comprar/vivienda/madrid/calefaccion-ascensor-amueblado/186553527/d,2025-05-21T14:05:14.260,40.42662717837134,-3.705819484705149,9.0,C. de la Palma,2026-09-26,piso,4786.666666666667,57
189653501,1049000.0,75,2.0,1.0,Centro,28004,https://www.fotocasa.es/es/comprar/vivienda/madrid/aire-acondicionado-calefaccion-trastero-ascensor-amueblado/189653501/d,2026-05-12T10:15:27.390,40.422847685084,-3.6953556088796695,6.0,C. de Piamonte,2026-09-26,piso,13986.666666666666,57
188697834,2219000.0,162,3.0,3.0,Barrio De Salamanca,28006,https://www.fotocasa.es/es/comprar/vivienda/madrid/aire-acondicionado-calefaccion-parking-jardin-terraza-trastero-ascensor-amueblado/188697834/d,2026-01-29T12:35:38.310,40.43105561968693,-3.674010057856657,8.0,C. de Padilla,2026-09-26,piso,13697.530864197532,68
188558668,1049000.0,75,2.0,1.0,Centro,28004,https://www.fotocasa.es/es/comprar/vivienda/madrid/aire-acondicionado-calefaccion-ascensor-amueblado/188558668/d,2026-01-16T17:15:26.603,40.42292526806993,-3.695381554565888,6.0,C. de Piamonte,2026-09-26,piso,13986.666666666666,57
188558566,2359000.0,198,4.0,4.0,Barrio De Salamanca,28001,https://www.fotocasa.es/es/comprar/vivienda/madrid/aire-acondicionado-calefaccion-terraza-trastero-ascensor-amueblado/188558566/d,2026-01-16T17:05:29.223,40.4251717965749,-3.6797971591781033,7.0,Calle de Goya,2026-09-26,piso,11914.141414141413,68
183344324,360000.0,30,1.0,1.0,Chamberí,28003,https://www.fotocasa.es/es/comprar/vivienda/madrid/aire-acondicionado-calefaccion-ascensor-amueblado/183344324/d,2024-05-21T15:15:24.050,40.43957314922229,-3.700732322682035,8.0, Santa Engracia,2026-09-26,piso,12000.0,50
165003028,970000.0,105,2.0,2.0,Centro,28014,https://www.fotocasa.es/es/comprar/vivienda/madrid/aire-acondicionado-calefaccion-ascensor-amueblado/165003028/d,2022-09-30T10:05:50.537,40.41283533668137,-3.698438399808684,9.0,Amor de Dios,2026-09-26,piso,9238.095238095239,57
189014338,193000.0,38,1.0,1.0,Centro,28012,https://www.fotocasa.es/es/comprar/vivienda/madrid-capital/embajadores-lavapies/189014338/d,2026-03-05T02:01:44.403,40.411644,-3.69955878,9.0,Calle TORRECILLA DEL LEAL,2026-09-26,piso,5078.9473684210525,57
190257307,685000.0,91,3.0,2.0,Retiro,28007,https://www.fotocasa.es/es/comprar/vivienda/madrid-capital/aire-acondicionado-calefaccion-ascensor-amueblado-television/190257307/d,2026-07-17T09:41:41.420,40.40334910935059,-3.674976358249956,,Calle de Sánchez Barcáiztegui,2026-09-26,piso,7527.472527472528,35
189895157,390000.0,52,1.0,1.0,Centro,28004,https://www.fotocasa.es/es/comprar/vivienda/madrid-capital/aire-acondicionado-calefaccion-ascensor-amueblado/189895157/d,2026-06-05T14:35:37.200,40.4208596554711,-3.706557304592427,,Calle de Silva,2026-09-26,piso,7500.0,57
188412606,780000.0,101,2.0,2.0,Centro,28013,https://www.fotocasa.es/es/comprar/vivienda/madrid-capital/aire-acondicionado-calefaccion-parking-terraza-ascensor/188412606/d,2025-12-23T10:15:34.387,40.42014914395758,-3.706917903063676,6.0,C. de Jacometrezo,2026-09-26,piso,7722.772277227723,57
190049182,1479000.0,138,3.0,2.0,Chamartín,28016,https://www.fotocasa.es/es/comprar/vivienda/madrid-capital/aire-acondicionado-calefaccion-parking-jardin-terraza-ascensor/190049182/d,2026-06-23T11:55:29.253,40.45927947719781,-3.6808794660171,7.0,P.º de La Habana,2026-09-26,piso,10717.391304347826,34
190803385,979500.0,129,3.0,3.0,Moncloa - Aravaca,28008,https://www.fotocasa.es/es/comprar/vivienda/madrid-capital/aire-acondicionado-calefaccion-jardin-terraza-ascensor/190803385/d,2026-09-15T16:35:38.483,40.4320760877474,-3.732814564138633,7.0,Av. de Valladolid,2026-09-26,piso,7593.023255813953,28
190792231,670000.0,147,3.0,2.0,Hortaleza,28050,https://www.fotocasa.es/es/comprar/vivienda/madrid-capital/calefaccion-parking-trastero-ascensor-piscina/190792231/d,2026-09-15T13:05:37.153,40.49012340117851,-3.649484336447839,5.0,C. Alcalde Henche de la Plata,2026-09-26,piso,4557.8231292517,26
190522469,399999.0,73,2.0,1.0,Arganzuela,28005,https://www.fotocasa.es/es/comprar/vivienda/madrid-capital/aire-acondicionado-calefaccion-ascensor-no-amueblado/190522469/d,2026-08-20T17:08:19,40.41208983239709,-3.720704590407452,8.0,Calle de Moreno Nieto,2026-09-26,piso,5479.438356164384,27
190716385,1495000.0,128,3.0,2.0,Retiro,28009,https://www.fotocasa.es/es/comprar/vivienda/madrid-capital/aire-acondicionado-calefaccion-terraza-ascensor-amueblado/190716385/d,2026-09-09T17:45:35.580,40.42136351787956,-3.673986769605728,8.0,Calle de O'Donnell,2026-09-26,piso,11679.6875,35
190708957,210000.0,52,2.0,1.0,Puente De Vallecas,28018,https://www.fotocasa.es/es/comprar/vivienda/madrid-capital/terraza-no-amueblado/190708957/d,2026-09-09T10:55:52.707,40.3835843,-3.6686521,7.0,Calle del Doctor Bellido,2026-09-26,piso,4038.4615384615386,22
190641862,266000.0,68,3.0,1.0,Villaverde,28021,https://www.fotocasa.es/es/comprar/vivienda/madrid-capital/aire-acondicionado-calefaccion-ascensor-amueblado/190641862/d,2026-09-02T15:17:21.313,40.34112733060222,-3.692211785244655,7.0,Calle Moncada,2026-09-26,piso,3911.764705882353,11
189431747,1050000.0,165,3.0,2.0,Chamartín,28002,https://www.fotocasa.es/es/comprar/vivienda/madrid/aire-acondicionado-calefaccion-parking-jardin-terraza-trastero-ascensor/189431747/d,2026-04-20T19:55:29.483,40.44247185971153,-3.667852343145327,7.0,C. del Corazón de María,2026-09-26,piso,6363.636363636364,34
189936131,299000.0,98,3.0,2.0,Puente De Vallecas,28053,https://www.fotocasa.es/es/comprar/vivienda/madrid/aire-acondicionado-calefaccion-parking-ascensor-patio-amueblado/189936131/d,2026-06-10T12:09:25.297,40.38524564155892,-3.6732985298680094,5.0,Calle de Concejo de Teverga,2026-09-26,piso,3051.0204081632655,22
190521316,395000.0,60,2.0,1.0,Chamartín,28002,https://www.fotocasa.es/es/comprar/vivienda/madrid/calefaccion-amueblado/190521316/d,2026-08-20T14:15:26.390,40.44718493021176,-3.674846770694168,7.0,C. de Sánchez Pacheco,2026-09-26,piso,6583.333333333333,34
188436444,429000.0,93,3.0,2.0,Vicálvaro,28032,https://www.fotocasa.es/es/comprar/vivienda/madrid/calefaccion-parking-zona-comunitaria-ascensor-piscina-no-amueblado/188436444/d,2025-12-29T09:29:03.730,40.3949966,-3.6258516,,Calle del Péndulo,2026-09-26,piso,4612.903225806452,7
189446502,829900.0,155,3.0,2.0,Moncloa - Aravaca,28023,https://www.fotocasa.es/es/comprar/vivienda/madrid/aire-acondicionado-calefaccion-parking-trastero-zona-comunitaria-ascensor-television-internet-piscina-no-amueblado/189446502/d,2026-04-21T10:57:21.593,40.455983653201706,-3.780154208879022,,Calle la Pinilla,2026-09-26,piso,5354.193548387097,28
188028740,850000.0,110,3.0,2.0,Chamartín,28046,https://www.fotocasa.es/es/comprar/vivienda/madrid/aire-acondicionado-calefaccion-ascensor-no-amueblado/188028740/d,2025-11-04T10:16:12.037,40.459735763482,-3.6886872125664,,Castellana,2026-09-26,piso,7727.272727272727,34
187664487,1139000.0,135,3.0,3.0,Centro,28013,https://www.fotocasa.es/es/comprar/vivienda/madrid/aire-acondicionado-calefaccion-amueblado/187664487/d,2025-09-25T11:45:25.817,40.417151419206206,-3.7042193500267175,9.0,C. de Tetuán,2026-09-26,piso,8437.037037037036,57
190905766,369000.0,36,1.0,1.0,Barrio De Salamanca,28009,https://www.fotocasa.es/es/comprar/vivienda/madrid-capital/aire-acondicionado-calefaccion-ascensor-amueblado/190905766/d,2026-09-22T13:25:29.210,40.42333979019784,-3.675432240295948,,Jorge Juan,2026-09-26,piso,10250.0,68
189886961,209000.0,57,3.0,1.0,Puente De Vallecas,28018,https://www.fotocasa.es/es/comprar/vivienda/madrid-capital/ascensor/189886961/d,2026-06-04T17:51:27.090,40.38603890613236,-3.6386885020420334,7.0,Calle Benadalid,2026-09-26,piso,3666.6666666666665,22
190803726,649000.0,76,2.0,1.0,Centro,28004,https://www.fotocasa.es/es/comprar/vivienda/madrid-capital/aire-acondicionado-calefaccion-ascensor-amueblado/190803726/d,2026-09-15T17:05:30.083,40.42220539508807,-3.704925535782452,,C. de San Roque,2026-09-26,piso,8539.473684210527,57
190888152,409000.0,48,2.0,2.0,Chamberí,28015,https://www.fotocasa.es/es/comprar/vivienda/madrid-capital/ascensor-no-amueblado/190888152/d,2026-09-21T12:35:18.767,40.43537728154928,-3.707033273647195,,Calle de Escosura,2026-09-26,piso,8520.833333333334,50
190640299,215000.0,71,3.0,1.0,Villaverde,28021,https://www.fotocasa.es/es/comprar/vivienda/madrid-capital/aire-acondicionado-calefaccion-patio-no-amueblado/190640299/d,2026-09-02T13:26:04.507,40.342483608483526,-3.711440658475309,7.0,Calle Villastar,2026-09-26,piso,3028.169014084507,11
190836625,210000.0,55,2.0,2.0,Tetuán,28029,https://www.fotocasa.es/es/comprar/vivienda/madrid-capital/aire-acondicionado-calefaccion-amueblado-television/190836625/d,2026-09-16T16:56:22.060,40.46811618650485,-3.701498486152636,,Calle de Santiago Cordero,2026-09-26,piso,3818.181818181818,22
190822214,480000.0,82,2.0,1.0,San Blas,28022,https://www.fotocasa.es/es/comprar/vivienda/madrid-capital/aire-acondicionado-calefaccion-parking-trastero-ascensor-piscina-no-amueblado/190822214/d,2026-09-16T11:45:55.997,40.42172061868119,-3.609229652376066,,Calle de Rumanía,2026-09-26,piso,5853.658536585366,14
190667059,349000.0,71,2.0,1.0,San Blas,28027,https://www.fotocasa.es/es/comprar/vivienda/madrid-capital/calefaccion-terraza-trastero-ascensor-no-amueblado/190667059/d,2026-09-04T18:45:09.467,40.44065295836796,-3.631769654116064,7.0,Calle de Alegría de Oria,2026-09-26,piso,4915.492957746479,14
190788582,1240000.0,137,3.0,2.0,Centro,28004,https://www.fotocasa.es/es/comprar/vivienda/madrid-capital/aire-acondicionado-calefaccion-parking-ascensor-amueblado/190788582/d,2026-09-15T12:05:33.637,40.42093164462201,-3.700978481898997,9.0,C/ de Hortaleza,2026-09-26,piso,9051.094890510949,57
190258846,470000.0,140,4.0,2.0,Puente De Vallecas,28038,https://www.fotocasa.es/es/comprar/vivienda/madrid-capital/aire-acondicionado-calefaccion-terraza-ascensor-amueblado/190258846/d,2026-07-17T12:04:03.020,40.39170638648354,-3.649024242116559,,Calle de Carlos Solé,2026-09-26,piso,3357.1428571428573,22
189749420,929000.0,115,2.0,2.0,Retiro,28014,https://www.fotocasa.es/es/comprar/vivienda/madrid-capital/aire-acondicionado-calefaccion-ascensor-amueblado/189749420/d,2026-05-21T21:24:37.853,40.40678385082189,-3.6816189769333407,,Agustin Querol,2026-09-26,piso,8078.260869565217,35
190653311,599000.0,87,2.0,2.0,Retiro,28007,https://www.fotocasa.es/es/comprar/vivienda/madrid/aire-acondicionado-calefaccion-ascensor-amueblado/190653311/d,2026-09-03T12:44:07.613,40.40517775462271,-3.673599255662647,7.0,Calle de Sánchez Barcáiztegui,2026-09-26,piso,6885.057471264367,35
190586828,600000.0,86,2.0,1.0,Centro,28013,https://www.fotocasa.es/es/comprar/vivienda/madrid/aire-acondicionado-calefaccion/190586828/d,2026-08-28T12:55:30.190,40.42132799268447,-3.7104901271922417,9.0,C. de Leganitos,2026-09-26,piso,6976.7441860465115,57
190314730,229000.0,81,3.0,1.0,Villaverde,28021,https://www.fotocasa.es/es/comprar/vivienda/madrid/aire-acondicionado-calefaccion-parking-terraza-ascensor-no-amueblado/190314730/d,2026-07-23T17:50:07.627,40.349185911798834,-3.709096929525672,,Calle Vieja de Pinto,2026-09-26,piso,2827.1604938271603,11
190589697,244000.0,52,2.0,1.0,San Blas,28037,https://www.fotocasa.es/es/comprar/vivienda/madrid/aire-acondicionado-calefaccion-terraza-ascensor-amueblado/190589697/d,2026-08-28T14:03:58.087,40.42924941190269,-3.624198623554587,,Calle de Zabalza,2026-09-26,piso,4692.307692307692,14
190134476,849900.0,190,4.0,3.0,Moncloa - Aravaca,28023,https://www.fotocasa.es/es/comprar/vivienda/madrid/aire-acondicionado-calefaccion-parking-trastero-zona-comunitaria-ascensor-piscina-no-amueblado/190134476/d,2026-07-02T18:11:39.140,40.45727837173008,-3.787010882912524,,Calle Acamar,2026-09-26,piso,4473.1578947368425,28
189612809,3600000.0,522,8.0,5.0,Moncloa - Aravaca,28008,https://www.fotocasa.es/es/comprar/vivienda/madrid/aire-acondicionado-parking-terraza-trastero-ascensor-patio-television-internet-no-amueblado/189612809/d,2026-05-07T13:22:59.903,40.42969977324991,-3.7211880243222,7.0,Calle del Marqués de Urquijo,2026-09-26,piso,6896.551724137931,28
189601001,810000.0,101,2.0,2.0,Chamberí,28010,https://www.fotocasa.es/es/comprar/vivienda/madrid-capital/calefaccion-terraza-ascensor-amueblado/189601001/d,2026-05-06T13:26:35.353,40.43662066639916,-3.70336546118138,,,2026-09-26,piso,8019.80198019802,50
189301733,740000.0,57,1.0,1.0,Centro,28004,https://www.fotocasa.es/es/comprar/vivienda/madrid/aire-acondicionado-calefaccion-ascensor-no-amueblado/189301733/d,2026-04-06T20:25:06.467,40.42241476275073,-3.69804356491718,,De Augusto Figueroa,2026-09-26,piso,12982.456140350878,57
187880187,349000.0,45,1.0,1.0,Centro,28004,https://www.fotocasa.es/es/comprar/vivienda/madrid/aire-acondicionado-calefaccion-terraza-ascensor-amueblado/187880187/d,2025-10-17T19:15:07.297,40.42296762860845,-3.705536976128964,9.0,De Pizarro,2026-09-26,piso,7755.555555555556,57
187933779,1150000.0,94,2.0,2.0,Centro,28004,https://www.fotocasa.es/es/comprar/vivienda/madrid/aire-acondicionado-calefaccion-trastero-ascensor-amueblado/187933779/d,2025-10-23T14:15:30.737,40.42330417035036,-3.699124371961019,5.0,Hortaleza,2026-09-26,piso,12234.04255319149,57
190909741,420000.0,67,2.0,1.0,Retiro,28014,https://www.fotocasa.es/es/comprar/vivienda/madrid-capital/calefaccion-ascensor/190909741/d,2026-09-22T18:52:28.617,40.40670094352309,-3.680316687721317,8.0,Calle Calle Gutenberg,2026-09-26,piso,6268.6567164179105,35
188234009,720000.0,170,5.0,2.0,Villa De Vallecas,28051,https://www.fotocasa.es/es/comprar/vivienda/madrid-capital/aire-acondicionado-calefaccion-parking-terraza-trastero-ascensor-no-amueblado/188234009/d,2025-11-27T20:04:03.257,40.36509716197085,-3.6019558823886584,4.0,Avenida del Ensanche de Vallecas,2026-09-26,piso,4235.294117647059,4
190860949,425000.0,93,3.0,1.0,Hortaleza,28033,https://www.fotocasa.es/es/comprar/vivienda/madrid-capital/aire-acondicionado-calefaccion-amueblado/190860949/d,2026-09-17T18:45:08.753,40.47815331081216,-3.660930260996447,7.0,Calle de Vélez Rubio,2026-09-26,piso,4569.89247311828,26
190741030,389000.0,108,2.0,2.0,Villa De Vallecas,28051,https://www.fotocasa.es/es/comprar/vivienda/madrid-capital/aire-acondicionado-calefaccion-parking-trastero-ascensor-piscina-no-amueblado/190741030/d,2026-09-11T13:55:14.810,40.36285259904856,-3.588397848978769,4.0,Calle del Arte Conceptual,2026-09-26,piso,3601.8518518518517,4
186623256,350000.0,56,2.0,1.0,Centro,28012,https://www.fotocasa.es/es/comprar/vivienda/madrid-capital/aire-acondicionado-calefaccion-ascensor-amueblado/186623256/d,2025-05-28T14:05:24.033,40.40669513460055,-3.701862661017077,6.0,C. del Mesón de Paredes,2026-09-26,piso,6250.0,57
190049318,225000.0,80,3.0,1.0,Villaverde,28021,https://www.fotocasa.es/es/comprar/vivienda/madrid-capital/aire-acondicionado-calefaccion-terraza-no-amueblado/190049318/d,2026-06-23T12:02:11.783,40.346866648786026,-3.7037777937356,6.0,Calle Oxígeno,2026-09-26,piso,2812.5,11
190563206,235000.0,50,2.0,1.0,Carabanchel,28019,https://www.fotocasa.es/es/comprar/vivienda/madrid-capital/calefaccion-ascensor/190563206/d,2026-08-26T17:22:56.910,40.39142304739693,-3.7135808152634384,7.0,Calle Enrique Moyano,2026-09-26,piso,4700.0,16
190567155,570000.0,73,2.0,1.0,Centro,28004,https://www.fotocasa.es/es/comprar/vivienda/madrid-capital/aire-acondicionado-calefaccion-ascensor-amueblado/190567155/d,2026-08-27T10:05:31.057,40.42645153814762,-3.7045230447467103,9.0,C. de la Palma,2026-09-26,piso,7808.219178082192,57
190694746,690000.0,100,2.0,1.0,Centro,28005,https://www.fotocasa.es/es/comprar/vivienda/madrid-capital/aire-acondicionado-calefaccion-ascensor-no-amueblado/190694746/d,2026-09-08T10:42:10.853,40.41103308843993,-3.7081831540944417,,Calle de las Maldonadas,2026-09-26,piso,6900.0,57
190207227,250000.0,38,1.0,1.0,Arganzuela,28012,https://www.fotocasa.es/es/comprar/vivienda/madrid/aire-acondicionado-calefaccion-ascensor/190207227/d,2026-07-10T19:19:32.783,40.40469342392521,-3.696518877532971,8.0,Paseo Santa María de la Cabeza,2026-09-26,piso,6578.9473684210525,27
190427883,830000.0,88,3.0,2.0,Barrio De Salamanca,28009,https://www.fotocasa.es/es/comprar/vivienda/madrid/aire-acondicionado-calefaccion-zona-comunitaria-ascensor-amueblado/190427883/d,2026-08-07T14:30:27.120,40.42256323745604,-3.678170256609405,9.0,Duque de Sesto,2026-09-26,piso,9431.818181818182,68
188747006,720500.0,90,2.0,2.0,Chamberí,28010,https://www.fotocasa.es/es/comprar/vivienda/madrid/calefaccion-terraza-ascensor-no-amueblado/188747006/d,2026-02-03T21:44:07.857,40.43692559336815,-3.702703407846934,9.0,Calle del General Álvarez de Castro,2026-09-26,piso,8005.555555555556,50
190834596,260000.0,75,3.0,1.0,Puente De Vallecas,28018,https://www.fotocasa.es/es/comprar/vivienda/madrid-capital/aire-acondicionado-calefaccion-trastero-amueblado/190834596/d,2026-09-16T14:58:51.860,40.38714377439567,-3.649375787005092,,Calle de Pedro Laborde,2026-09-26,piso,3466.6666666666665,22
190547166,399900.0,81,2.0,1.0,Carabanchel,28019,https://www.fotocasa.es/es/comprar/vivienda/madrid-capital/calefaccion-ascensor/190547166/d,2026-08-24T19:36:42.310,40.39598137801563,-3.710553446494275,7.0,Calle Tomasa Ruiz,2026-09-26,piso,4937.037037037037,16
190865867,1350000.0,147,4.0,3.0,Retiro,28009,https://www.fotocasa.es/es/comprar/vivienda/madrid-capital/aire-acondicionado-calefaccion-ascensor-no-amueblado/190865867/d,2026-09-18T10:38:34.060,40.417661487331365,-3.674923572966444,8.0,Fernán González,2026-09-26,piso,9183.673469387755,35
189625353,249000.0,38,1.0,1.0,Arganzuela,28012,https://www.fotocasa.es/es/comprar/vivienda/madrid-capital/calefaccion-terraza-zona-comunitaria-ascensor-amueblado/189625353/d,2026-05-08T14:30:25.963,40.4031900279857,-3.699956872142641,9.0,Juan Sebastián Elcano,2026-09-26,piso,6552.631578947368,27
190868712,580000.0,108,3.0,2.0,Hortaleza,28043,https://www.fotocasa.es/es/comprar/vivienda/madrid-capital/aire-acondicionado-calefaccion-ascensor-amueblado-piscina/190868712/d,2026-09-18T13:33:50.220,40.46362479373197,-3.646128358371943,6.0,Carretera de Canillas,2026-09-26,piso,5370.37037037037,26
190298141,600000.0,83,2.0,1.0,Centro,28005,https://www.fotocasa.es/es/comprar/vivienda/madrid-capital/aire-acondicionado-calefaccion-parking-jardin-trastero-ascensor-piscina/190298141/d,2026-07-22T10:05:28.640,40.40829911130487,-3.71113136297138,6.0,C. de Toledo,2026-09-26,piso,7228.915662650603,57
190381666,1390000.0,126,3.0,2.0,Retiro,28009,https://www.fotocasa.es/es/comprar/vivienda/madrid-capital/aire-acondicionado-calefaccion-zona-comunitaria-ascensor-amueblado/190381666/d,2026-08-01T14:30:41.837,40.41675677130753,-3.671094870782789,8.0,Sainz de Baranda,2026-09-26,piso,11031.746031746032,35
189647684,595000.0,80,2.0,2.0,Arganzuela,28005,https://www.fotocasa.es/es/comprar/vivienda/madrid-capital/aire-acondicionado-calefaccion-terraza-ascensor-amueblado/189647684/d,2026-05-11T17:20:26.320,40.411006494049815,-3.718251067590529,8.0,Calle Algeciras,2026-09-26,piso,7437.5,27
190349734,224000.0,59,3.0,1.0,Villa De Vallecas,28031,https://www.fotocasa.es/es/comprar/vivienda/madrid-capital/calefaccion-terraza/190349734/d,2026-07-28T18:07:34.760,40.37449513845007,-3.620030757726102,7.0,Calle CONGOSTO,2026-09-26,piso,3796.6101694915255,4
190683710,845000.0,101,2.0,2.0,Chamartín,28002,https://www.fotocasa.es/es/comprar/vivienda/madrid-capital/aire-acondicionado-calefaccion-trastero-ascensor-piscina/190683710/d,2026-09-07T12:25:43.063,40.43979780958514,-3.672148320594484,,Av. de América,2026-09-26,piso,8366.336633663366,34
189451771,1750000.0,301,5.0,4.0,Moncloa - Aravaca,28023,https://www.fotocasa.es/es/comprar/vivienda/madrid-capital/aire-acondicionado-calefaccion-parking-jardin-piscina-no-amueblado/189451771/d,2026-04-21T18:08:18.350,40.47123477929859,-3.766288370923817,5.0,Calle de Jimena Menéndez Pidal,2026-09-26,piso,5813.953488372093,28
190703095,255000.0,68,3.0,1.0,Villaverde,28021,https://www.fotocasa.es/es/comprar/vivienda/madrid-capital/calefaccion-amueblado/190703095/d,2026-09-08T17:38:23.103,40.35075514430184,-3.688994796287161,,Calle de José del Pino,2026-09-26,piso,3750.0,11
190717420,230000.0,55,2.0,1.0,Puente De Vallecas,28038,https://www.fotocasa.es/es/comprar/vivienda/madrid-capital/aire-acondicionado-calefaccion-terraza-no-amueblado/190717420/d,2026-09-09T19:04:40.280,40.39755613369485,-3.662221109046993,,Calle Isabel Méndez,2026-09-26,piso,4181.818181818182,22
190685052,1970000.0,165,3.0,3.0,Retiro,28009,https://www.fotocasa.es/es/comprar/vivienda/madrid-capital/aire-acondicionado-calefaccion-trastero-ascensor-amueblado/190685052/d,2026-09-07T13:41:02.310,40.41195675209847,-3.675086288646353,,Calle de la Anunciación,2026-09-26,piso,11939.39393939394,35
189820165,210000.0,51,1.0,1.0,San Blas,28037,https://www.fotocasa.es/es/comprar/vivienda/madrid-capital/aire-acondicionado-calefaccion-ascensor/189820165/d,2026-05-29T15:26:05.190,40.43872607462549,-3.624598959743925,,Calle de Miguel Yuste,2026-09-26,piso,4117.64705882353,14
188438012,240000.0,50,1.0,1.0,Carabanchel,28054,https://www.fotocasa.es/es/comprar/vivienda/madrid-capital/parking-terraza-trastero-zona-comunitaria-ascensor-no-amueblado/188438012/d,2025-12-29T13:14:32.830,40.3645314,-3.7478408,,Avenida del Euro,2026-09-26,piso,4800.0,16
190275671,499000.0,80,2.0,1.0,Hortaleza,28050,https://www.fotocasa.es/es/comprar/vivienda/madrid/aire-acondicionado-parking-trastero-zona-comunitaria-ascensor-piscina-no-amueblado/190275671/d,2026-07-20T11:21:30.780,40.4845797,-3.6503685,,Calle del Pintor Ignacio de Zuloaga,2026-09-26,piso,6237.5,26
190099086,920000.0,134,2.0,3.0,Chamberí,28003,https://www.fotocasa.es/es/comprar/vivienda/madrid/aire-acondicionado-calefaccion-terraza-ascensor-no-amueblado/190099086/d,2026-06-29T18:53:18.917,40.44503031140354,-3.703562200042852,5.0,Calle de Santa Engracia,2026-09-26,piso,6865.671641791045,50
190551459,395000.0,85,2.0,2.0,Vicálvaro,28052,https://www.fotocasa.es/es/comprar/vivienda/madrid/aire-acondicionado-parking-terraza-trastero-zona-comunitaria-ascensor-piscina-no-amueblado/190551459/d,2026-08-25T12:32:45.697,40.3977149,-3.5534387,,Calle Anna Frank,2026-09-26,piso,4647.058823529412,7
187057350,1780000.0,300,4.0,3.0,Ciudad Lineal,28033,https://www.fotocasa.es/es/comprar/vivienda/madrid/aire-acondicionado-calefaccion-parking-jardin-terraza-trastero-ascensor-piscina/187057350/d,2025-07-14T10:35:20.280,40.479077924527495,-3.671608964340472,6.0,C. del Condado de Treviño,2026-09-26,piso,5933.333333333333,17
190588797,375000.0,73,1.0,1.0,San Blas,28022,https://www.fotocasa.es/es/comprar/vivienda/madrid/aire-acondicionado-calefaccion-parking-trastero-ascensor-amueblado-piscina/190588797/d,2026-08-28T13:30:09.503,40.4244888402685,-3.6015433338673453,5.0,Calle de Estocolmo,2026-09-26,piso,5136.986301369863,14
190450708,250000.0,85,3.0,1.0,Villaverde,28021,https://www.fotocasa.es/es/comprar/vivienda/madrid/calefaccion-terraza-trastero-amueblado/190450708/d,2026-08-11T11:55:09.360,40.35150986192431,-3.6809224050835545,6.0,Calle Miguel Solas,2026-09-26,piso,2941.176470588235,11
190374892,430000.0,51,2.0,1.0,Arganzuela,28005,https://www.fotocasa.es/es/comprar/vivienda/madrid/aire-acondicionado-calefaccion-terraza-ascensor-amueblado/190374892/d,2026-07-31T14:01:47.233,40.40355887897381,-3.701877925398647,9.0,Calle de Embajadores,2026-09-26,piso,8431.372549019608,27
188665883,262000.0,50,1.0,1.0,Carabanchel,28054,https://www.fotocasa.es/es/comprar/vivienda/madrid/parking-terraza-trastero-zona-comunitaria-ascensor-no-amueblado/188665883/d,2026-01-27T11:50:41.857,40.3645314,-3.7478408,,Avenida del Euro,2026-09-26,piso,5240.0,16
189775445,215000.0,67,2.0,1.0,Puente De Vallecas,28053,https://www.fotocasa.es/es/comprar/vivienda/madrid/aire-acondicionado-calefaccion-terraza/189775445/d,2026-05-25T13:41:44.100,40.38322042334662,-3.672956379726976,7.0, MEJORANA,2026-09-26,piso,3208.955223880597,22
188660501,510000.0,89,3.0,1.0,Retiro,28007,https://www.fotocasa.es/es/comprar/vivienda/madrid/calefaccion-terraza-ascensor-amueblado/188660501/d,2026-01-26T18:43:49.147,40.40701686289168,-3.666192718723161,7.0,de Perseo,2026-09-26,piso,5730.337078651685,35
190050817,399900.0,52,1.0,1.0,Chamberí,28010,https://www.fotocasa.es/es/comprar/vivienda/madrid/aire-acondicionado-calefaccion-ascensor-no-amueblado/190050817/d,2026-06-23T13:19:58.687,40.437256032728136,-3.700002710424058,8.0,Calle de Santa Engracia,2026-09-26,piso,7690.384615384615,50
190929678,420000.0,51,2.0,1.0,Chamberí,28015,https://www.fotocasa.es/es/comprar/vivienda/madrid-capital/calefaccion-ascensor-amueblado/190929678/d,2026-09-24T15:16:23.800,40.43446398801934,-3.711091880256348,8.0,Calle de Fernando el Católico,2026-09-26,piso,8235.29411764706,50
190915582,330000.0,81,3.0,1.0,Hortaleza,28043,https://www.fotocasa.es/es/comprar/vivienda/madrid-capital/calefaccion-amueblado/190915582/d,2026-09-23T11:45:13.030,40.46245050165261,-3.647378283126341,7.0,Calle de Gomeznarro,2026-09-26,piso,4074.074074074074,26
190697062,584000.0,58,1.0,1.0,Tetuán,28020,https://www.fotocasa.es/es/comprar/vivienda/madrid-capital/aire-acondicionado-calefaccion-parking-ascensor/190697062/d,2026-09-08T13:25:49.553,40.45258746004901,-3.693368660738383,7.0,,2026-09-26,piso,10068.965517241379,22
190741630,425000.0,44,1.0,1.0,Barrio De Salamanca,28028,https://www.fotocasa.es/es/comprar/vivienda/madrid-capital/aire-acondicionado-calefaccion-ascensor-no-amueblado/190741630/d,2026-09-11T14:57:36.277,40.43635061470052,-3.6736575255035966,6.0,Calle de Méjico,2026-09-26,piso,9659.09090909091,68
190704225,750000.0,98,4.0,2.0,Arganzuela,28045,https://www.fotocasa.es/es/comprar/vivienda/madrid-capital/calefaccion-jardin-terraza-ascensor-piscina-no-amueblado/190704225/d,2026-09-08T19:09:08.383,40.38932406280184,-3.6875959469060016,6.0,del Bronce,2026-09-26,piso,7653.061224489796,27
188954251,989999.0,90,2.0,2.0,Centro,28004,https://www.fotocasa.es/es/comprar/vivienda/madrid/aire-acondicionado-terraza-ascensor-amueblado/188954251/d,2026-02-26T16:46:08.757,40.42890175023936,-3.705777666535708,,Glorieta de Ruiz Giménez,2026-09-26,piso,10999.988888888889,57
190303061,795000.0,64,2.0,2.0,Chamberí,28003,https://www.fotocasa.es/es/comprar/vivienda/madrid/aire-acondicionado-calefaccion-terraza-ascensor-no-amueblado/190303061/d,2026-07-22T16:05:30.800,40.44393156360805,-3.697394913147448,8.0,Alonso Cano,2026-09-26,piso,12421.875,50
190313602,795000.0,75,2.0,2.0,Chamberí,28003,https://www.fotocasa.es/es/comprar/vivienda/madrid/aire-acondicionado-calefaccion-terraza-ascensor-amueblado/190313602/d,2026-07-23T15:45:32.440,40.44287103945984,-3.695700415063704,8.0,,2026-09-26,piso,10600.0,50
186413094,1750000.0,219,3.0,3.0,Barrio De Salamanca,28028,https://www.fotocasa.es/es/comprar/vivienda/madrid/aire-acondicionado-calefaccion-parking-jardin-terraza-trastero-ascensor-piscina/186413094/d,2025-05-07T17:15:29.527,40.43456539913561,-3.6592852582106654,5.0,,2026-09-26,piso,7990.867579908676,68
190833771,930000.0,97,3.0,1.0,Retiro,28009,https://www.fotocasa.es/es/comprar/vivienda/madrid-capital/calefaccion-terraza-zona-comunitaria-ascensor-no-amueblado/190833771/d,2026-09-16T14:30:29.687,40.41726308400426,-3.677368705366657,,Ibiza,2026-09-26,piso,9587.62886597938,35
190903826,280000.0,40,2.0,1.0,San Blas,28022,https://www.fotocasa.es/es/comprar/vivienda/madrid-capital/aire-acondicionado-calefaccion-parking-trastero-ascensor-piscina-no-amueblado/190903826/d,2026-09-22T11:45:19.507,40.44549011500021,-3.609027311044085,5.0,Calle de San Narciso,2026-09-26,piso,7000.0,14
190896407,379900.0,60,3.0,1.0,Fuencarral - El Pardo,28029,https://www.fotocasa.es/es/comprar/vivienda/madrid-capital/aire-acondicionado-calefaccion-ascensor-no-amueblado/190896407/d,2026-09-21T20:40:08.603,40.47790218283188,-3.7136671814141904,7.0,Avenida de Monforte de Lemos,2026-09-26,piso,6331.666666666667,17
189915454,190000.0,68,1.0,1.0,Puente De Vallecas,28053,https://www.fotocasa.es/es/comprar/vivienda/madrid-capital/calefaccion-terraza/189915454/d,2026-06-08T16:29:31.170,40.3941574438405,-3.670819191955246,6.0,Calle de Melquíades Biencinto,2026-09-26,piso,2794.1176470588234,22
190284065,1850000.0,373,5.0,4.0,Chamartín,28002,https://www.fotocasa.es/es/comprar/vivienda/madrid-capital/aire-acondicionado-calefaccion-parking-terraza-trastero-ascensor-no-amueblado/190284065/d,2026-07-21T09:17:26.803,40.44635762126498,-3.6887553171382113,7.0,Joaquin Costa,2026-09-26,piso,4959.785522788204,34
190619399,420000.0,51,2.0,1.0,Chamberí,28010,https://www.fotocasa.es/es/comprar/vivienda/madrid-capital/calefaccion/190619399/d,2026-08-31T16:14:10.267,40.43263945910898,-3.7013145583618985,8.0,,2026-09-26,piso,8235.29411764706,50
188261308,795000.0,103,2.0,1.0,Chamberí,28003,https://www.fotocasa.es/es/comprar/vivienda/madrid-capital/aire-acondicionado-calefaccion-parking-terraza-ascensor-patio-no-amueblado/188261308/d,2025-12-01T22:05:05.737,40.440664769737005,-3.716882146520816,7.0,Calle de Domenico Scarlatti,2026-09-26,piso,7718.446601941748,50
190187681,449000.0,80,1.0,1.0,Tetuán,28039,https://www.fotocasa.es/es/comprar/vivienda/madrid-capital/aire-acondicionado-calefaccion-terraza-trastero-ascensor/190187681/d,2026-07-08T19:41:30.417,40.46094843752896,-3.703358275110208,1.0,Calle de la Huerta del Obispo,2026-09-26,piso,5612.5,22
190335943,145000.0,37,2.0,1.0,Villaverde,28021,https://www.fotocasa.es/es/comprar/vivienda/madrid-capital/calefaccion/190335943/d,2026-07-27T10:04:53.573,40.3493132477572,-3.688493663285931,8.0,Calle del Platino,2026-09-26,piso,3918.9189189189187,11
189231670,998000.0,174,4.0,4.0,Tetuán,28020,https://www.fotocasa.es/es/comprar/vivienda/madrid/calefaccion-parking-ascensor-amueblado/189231670/d,2026-03-27T19:55:20.983,40.4544578259485,-3.6919890424295447,7.0,Plaza Manolete,2026-09-26,piso,5735.632183908046,22
187266246,2350000.0,208,4.0,3.0,Barrio De Salamanca,28006,https://www.fotocasa.es/es/comprar/vivienda/madrid/aire-acondicionado-calefaccion-ascensor/187266246/d,2025-08-07T17:48:19.940,40.437342340719816,-3.678101143814049,9.0,,2026-09-26,piso,11298.076923076924,68
189938542,795000.0,77,2.0,1.0,Centro,28015,https://www.fotocasa.es/es/comprar/vivienda/madrid/aire-acondicionado-calefaccion-terraza-ascensor-amueblado/189938542/d,2026-06-10T15:35:35.273,40.42040801193989,-3.707424211078509,7.0,,2026-09-26,piso,10324.675324675325,57
189226167,590000.0,75,2.0,1.0,Centro,28004,https://www.fotocasa.es/es/comprar/vivienda/madrid/aire-acondicionado-calefaccion-no-amueblado/189226167/d,2026-03-27T11:32:03.807,40.424783269263926,-3.701898166544516,9.0,,2026-09-26,piso,7866.666666666667,57
190747484,990000.0,98,2.0,2.0,Chamartín,28036,https://www.fotocasa.es/es/comprar/vivienda/madrid-capital/aire-acondicionado-calefaccion-terraza-ascensor-amueblado-piscina/190747484/d,2026-09-12T13:13:08.937,40.46202150148065,-3.6842025501842888,6.0,,2026-09-26,piso,10102.040816326531,34
189852794,350000.0,40,2.0,1.0,Centro,28004,https://www.fotocasa.es/es/comprar/vivienda/madrid-capital/calefaccion-ascensor/189852794/d,2026-06-02T16:55:34.800,40.42641825842718,-3.705569825649949,9.0,C. de la Palma,2026-09-26,piso,8750.0,57
190911617,1210000.0,154,3.0,2.0,Chamberí,28010,https://www.fotocasa.es/es/comprar/vivienda/madrid-capital/aire-acondicionado-terraza-trastero-ascensor-amueblado/190911617/d,2026-09-22T21:53:32.083,40.43727846505755,-3.699584579197584,7.0,Calle de Santa Engracia,2026-09-26,piso,7857.142857142857,50
190752733,960000.0,120,4.0,2.0,Barrio De Salamanca,28009,https://www.fotocasa.es/es/comprar/vivienda/madrid-capital/calefaccion-zona-comunitaria-ascensor-no-amueblado/190752733/d,2026-09-13T14:30:21.467,40.423725636428486,-3.669722084333075,9.0,,2026-09-26,piso,8000.0,68
190743300,360000.0,57,3.0,1.0,Hortaleza,28033,https://www.fotocasa.es/es/comprar/vivienda/madrid-capital/aire-acondicionado-calefaccion-ascensor-no-amueblado/190743300/d,2026-09-11T18:35:14.790,40.47045911101741,-3.6539823308556034,7.0,,2026-09-26,piso,6315.789473684211,26
190642956,890000.0,171,4.0,3.0,Hortaleza,28043,https://www.fotocasa.es/es/comprar/vivienda/madrid-capital/aire-acondicionado-calefaccion-parking-trastero-ascensor-piscina/190642956/d,2026-09-02T16:55:36.530,40.45824340753528,-3.646321048475026,5.0,,2026-09-26,piso,5204.6783625731,26
190656475,1350000.0,220,3.0,3.0,Hortaleza,28042,https://www.fotocasa.es/es/comprar/vivienda/madrid-capital/aire-acondicionado-calefaccion-parking-terraza-ascensor-piscina-no-amueblado/190656475/d,2026-09-03T17:23:23.913,40.45569253662412,-3.6140101425956312,4.0,,2026-09-26,piso,6136.363636363636,26
190464273,1075000.0,145,4.0,3.0,Barrio De Salamanca,28028,https://www.fotocasa.es/es/comprar/vivienda/madrid-capital/aire-acondicionado-calefaccion-terraza-ascensor-amueblado/190464273/d,2026-08-13T09:02:56.560,40.436885535176856,-3.659567315185568,,,2026-09-26,piso,7413.793103448276,68
190250488,405000.0,81,3.0,1.0,Hortaleza,28043,https://www.fotocasa.es/es/comprar/vivienda/madrid/aire-acondicionado-calefaccion-ascensor/190250488/d,2026-07-16T14:21:17.197,40.471040952422726,-3.650964834118375,7.0,,2026-09-26,piso,5000.0,26
190204924,396000.0,64,2.0,1.0,Chamartín,28002,https://www.fotocasa.es/es/comprar/vivienda/madrid/aire-acondicionado-calefaccion-terraza-ascensor-patio-no-amueblado/190204924/d,2026-07-10T15:43:49.343,40.44049955160336,-3.672664816140802,7.0,,2026-09-26,piso,6187.5,34
189810953,1100000.0,138,4.0,2.0,Retiro,28009,https://www.fotocasa.es/es/comprar/vivienda/madrid/calefaccion-trastero-ascensor-amueblado/189810953/d,2026-05-28T17:40:08.473,40.41750600277393,-3.6782399163686086,8.0,,2026-09-26,piso,7971.014492753623,35
190696094,770000.0,85,2.0,2.0,Chamberí,28015,https://www.fotocasa.es/es/comprar/vivienda/madrid-capital/aire-acondicionado-calefaccion-terraza-ascensor-amueblado/190696094/d,2026-09-08T12:19:54.873,40.43307170398198,-3.7053132977522623,,Magallanes,2026-09-26,piso,9058.823529411764,50
190897367,270000.0,79,3.0,1.0,Carabanchel,28019,https://www.fotocasa.es/es/comprar/vivienda/madrid-capital/no-amueblado/190897367/d,2026-09-21T23:40:08.147,40.3976369469701,-3.732087619547757,,Calle José Montalvo,2026-09-26,piso,3417.721518987342,16
190784783,485000.0,62,2.0,1.0,Barrio De Salamanca,28006,https://www.fotocasa.es/es/comprar/vivienda/madrid-capital/aire-acondicionado-calefaccion-ascensor-amueblado/190784783/d,2026-09-15T11:01:52.253,40.429490062940815,-3.674417848679471,9.0,Calle de José Ortega y Gasset,2026-09-26,piso,7822.580645161291,68
189328621,199900.0,60,2.0,1.0,Carabanchel,28044,https://www.fotocasa.es/es/comprar/vivienda/madrid-capital/calefaccion-terraza/189328621/d,2026-04-09T13:26:28.253,40.3709611688536,-3.752685950974064,,,2026-09-26,piso,3331.6666666666665,16
190139176,965000.0,165,4.0,3.0,Moncloa - Aravaca,28023,https://www.fotocasa.es/es/comprar/vivienda/madrid-capital/calefaccion-parking-jardin-trastero-ascensor-piscina-no-amueblado/190139176/d,2026-07-03T09:53:55.843,40.44649450122601,-3.783158260987536,4.0,,2026-09-26,piso,5848.484848484848,28
189912253,1090000.0,209,5.0,2.0,Fuencarral - El Pardo,28034,https://www.fotocasa.es/es/comprar/vivienda/madrid-capital/aire-acondicionado-calefaccion-parking-terraza-trastero-piscina/189912253/d,2026-06-08T12:25:45.290,40.49350874263684,-3.704536475256893,7.0,,2026-09-26,piso,5215.311004784689,17
190512281,398000.0,43,1.0,1.0,Barrio De Salamanca,28028,https://www.fotocasa.es/es/comprar/vivienda/madrid-capital/calefaccion-terraza-ascensor/190512281/d,2026-08-19T14:00:39.780,40.43594447543301,-3.674645548875602,,Calle Mejico,2026-09-26,piso,9255.813953488372,68
190790327,775000.0,90,3.0,2.0,Chamberí,28003,https://www.fotocasa.es/es/comprar/vivienda/madrid-capital/aire-acondicionado-terraza-ascensor-amueblado/190790327/d,2026-09-15T12:32:19.483,40.44171351456826,-3.70603245870604,,,2026-09-26,piso,8611.111111111111,50
190684202,170000.0,43,1.0,1.0,Puente De Vallecas,28038,https://www.fotocasa.es/es/comprar/vivienda/madrid-capital/amueblado/190684202/d,2026-09-07T12:54:09.530,40.39835856278971,-3.6651845144497615,9.0,Calle de Emilio Ortuño,2026-09-26,piso,3953.4883720930234,22
190346544,335000.0,61,2.0,1.0,Villaverde,28021,https://www.fotocasa.es/es/comprar/vivienda/madrid-capital/parking-terraza-zona-comunitaria-ascensor-piscina-no-amueblado/190346544/d,2026-07-28T12:27:02.967,40.34010019999999,-3.6793971,,Calle de las Viñas del Rio,2026-09-26,piso,5491.803278688524,11
189007058,380000.0,31,1.0,1.0,Retiro,28009,https://www.fotocasa.es/es/comprar/vivienda/madrid-capital/calefaccion-ascensor-amueblado/189007058/d,2026-03-04T13:18:11.633,40.41652839931595,-3.6750928978664503,,,2026-09-26,piso,12258.064516129032,35
189481521,565000.0,111,3.0,2.0,Carabanchel,28019,https://www.fotocasa.es/es/comprar/vivienda/madrid-capital/aire-acondicionado-calefaccion-terraza-ascensor/189481521/d,2026-04-24T13:01:46.293,40.3985559899537,-3.717765690901577,6.0,Calle de Santa Saturnina,2026-09-26,piso,5090.09009009009,16
189519366,1380000.0,360,5.0,4.0,Moncloa - Aravaca,28023,https://www.fotocasa.es/es/comprar/vivienda/madrid-capital/aire-acondicionado-calefaccion-parking-jardin-terraza-trastero-piscina/189519366/d,2026-04-28T12:55:27.020,40.47420095971752,-3.8353741982140006,,,2026-09-26,piso,3833.3333333333335,28
189913938,250000.0,32,2.0,1.0,Barrio De Salamanca,28028,https://www.fotocasa.es/es/comprar/vivienda/madrid-capital/aire-acondicionado-calefaccion-ascensor/189913938/d,2026-06-08T14:01:02.497,40.424281227627375,-3.666616726192522,,calle de Antonio Toledano ,2026-09-26,piso,7812.5,68
190680762,188000.0,45,2.0,1.0,Carabanchel,28025,https://www.fotocasa.es/es/comprar/vivienda/madrid-capital/aire-acondicionado-terraza-amueblado/190680762/d,2026-09-07T10:48:45.590,40.39168446888706,-3.742160328589074,7.0,Calle Laguna,2026-09-26,piso,4177.777777777777,16
190670012,380000.0,80,2.0,1.0,Tetuán,28039,https://www.fotocasa.es/es/comprar/vivienda/madrid-capital/aire-acondicionado-calefaccion-amueblado/190670012/d,2026-09-05T10:05:34.010,40.462550061472726,-3.698239267906909,8.0,Calle del Conde de Vallellano,2026-09-26,piso,4750.0,22
190466001,350000.0,34,1.0,1.0,Chamberí,28010,https://www.fotocasa.es/es/comprar/vivienda/madrid-capital/aire-acondicionado-ascensor-amueblado/190466001/d,2026-08-13T12:32:03.807,40.43224564244724,-3.7015580165905577,7.0,Calle de Palafox,2026-09-26,piso,10294.117647058823,50
189384007,1260000.0,234,5.0,3.0,Moncloa - Aravaca,28023,https://www.fotocasa.es/es/comprar/vivienda/madrid-capital/calefaccion-parking-jardin-piscina/189384007/d,2026-04-15T16:55:37.227,40.457804017108295,-3.782601686731605,6.0,,2026-09-26,piso,5384.615384615385,28
188116354,359000.0,46,1.0,1.0,Retiro,28007,https://www.fotocasa.es/es/comprar/vivienda/madrid/aire-acondicionado-calefaccion/188116354/d,2025-11-13T19:05:18.290,40.40377641245678,-3.677989873521994,9.0,,2026-09-26,piso,7804.347826086957,35
190012618,1950000.0,260,4.0,4.0,Chamartín,28036,https://www.fotocasa.es/es/comprar/vivienda/madrid/terraza-ascensor-no-amueblado/190012618/d,2026-06-18T13:38:43.870,40.45758684839844,-3.6830562566859,,Condes del Val,2026-09-26,piso,7500.0,34
186483219,1980000.0,165,2.0,3.0,Barrio De Salamanca,28009,https://www.fotocasa.es/es/comprar/vivienda/madrid/calefaccion-parking-trastero-ascensor-no-amueblado/186483219/d,2025-05-14T15:21:01.090,40.42218045386297,-3.680122419547115,6.0,,2026-09-26,piso,12000.0,68
190022210,1440000.0,287,4.0,4.0,Moncloa - Aravaca,28023,https://www.fotocasa.es/es/comprar/vivienda/madrid/aire-acondicionado-calefaccion-parking-jardin-terraza/190022210/d,2026-06-19T13:35:37.293,40.45436639002675,-3.781716917968311,6.0,,2026-09-26,piso,5017.421602787456,28
190174048,330000.0,53,2.0,1.0,Retiro,28014,https://www.fotocasa.es/es/comprar/vivienda/madrid/calefaccion-ascensor/190174048/d,2026-07-07T15:05:43.770,40.40566843259478,-3.681247098330146,7.0,C. Andrés Torrejón,2026-09-26,piso,6226.415094339623,35
189939279,760000.0,115,5.0,2.0,Chamberí,28015,https://www.fotocasa.es/es/comprar/vivienda/madrid-capital/calefaccion-trastero-ascensor-amueblado/189939279/d,2026-06-10T16:55:53.777,40.43543834330181,-3.714927370528758,,Calle de Fernández de los Ríos,2026-09-26,piso,6608.695652173913,50
189653808,990000.0,300,5.0,4.0,Moncloa - Aravaca,28023,https://www.fotocasa.es/es/comprar/vivienda/madrid/aire-acondicionado-calefaccion-parking-jardin-terraza-trastero-patio-amueblado-television-internet/189653808/d,2026-05-12T10:38:00.887,40.4497560563045,-3.789793508130787,,Calle Unicornio,2026-09-26,piso,3300.0,28
189979750,249000.0,67,3.0,1.0,Ciudad Lineal,28017,https://www.fotocasa.es/es/comprar/vivienda/madrid/calefaccion-terraza-internet-no-amueblado/189979750/d,2026-06-15T12:50:26.417,40.43088991486404,-3.63396342139641,,Sauzal,2026-09-26,piso,3716.417910447761,17
189080089,186000.0,38,1.0,1.0,Fuencarral - El Pardo,28035,https://www.fotocasa.es/es/comprar/vivienda/madrid-capital/zona-comunitaria-piscina-no-amueblado/189080089/d,2026-03-11T19:21:38.263,40.47936853021,-3.715056927883307,,,2026-09-26,piso,4894.736842105263,17
190630459,325000.0,65,2.0,1.0,Latina,28047,https://www.fotocasa.es/es/comprar/vivienda/madrid-capital/aire-acondicionado-calefaccion/190630459/d,2026-09-01T15:48:20.247,40.39361694838151,-3.741461831760156,7.0,,2026-09-26,piso,5000.0,11
190741847,245000.0,53,2.0,1.0,Villa De Vallecas,28051,https://www.fotocasa.es/es/comprar/vivienda/madrid-capital/aire-acondicionado-calefaccion-ascensor-piscina/190741847/d,2026-09-11T15:33:15.830,40.36460796272555,-3.583286060729311,4.0,Calle Cerro del Murmullo,2026-09-26,piso,4622.641509433963,4
190708263,250000.0,41,1.0,1.0,Arganzuela,28045,https://www.fotocasa.es/es/comprar/vivienda/madrid-capital/aire-acondicionado-calefaccion-no-amueblado/190708263/d,2026-09-09T09:56:55.997,40.38932788214433,-3.6923459993063488,7.0,,2026-09-26,piso,6097.5609756097565,27
188370042,124000.0,25,1.0,1.0,Carabanchel,28019,https://www.fotocasa.es/es/comprar/vivienda/madrid-capital/calefaccion-amueblado/188370042/d,2025-12-16T14:00:39.940,40.39554778751809,-3.73622704030957,,Calle de Elvira Barrios,2026-09-26,piso,4960.0,16
190805335,2490000.0,400,6.0,6.0,Moncloa - Aravaca,28023,https://www.fotocasa.es/es/comprar/vivienda/madrid-capital/aire-acondicionado-calefaccion-parking-jardin-terraza-trastero-piscina-piscina-no-amueblado/190805335/d,2026-09-15T19:05:25.920,40.46463232235119,-3.776809187819904,3.0,Calle de Evangelina Sobredo Galanes,2026-09-26,piso,6225.0,28
190804130,1290000.0,298,8.0,2.0,Chamartín,28036,https://www.fotocasa.es/es/comprar/vivienda/madrid-capital/ascensor-amueblado/190804130/d,2026-09-15T17:40:15.277,40.46170113277292,-3.68549342671298,,Calle del Padre Damián,2026-09-26,piso,4328.859060402685,34
190717148,1970000.0,165,3.0,3.0,Retiro,28009,https://www.fotocasa.es/es/comprar/vivienda/madrid-capital/aire-acondicionado-calefaccion-trastero-ascensor/190717148/d,2026-09-09T18:46:11.553,40.410308279465134,-3.6748341889912064,8.0,,2026-09-26,piso,11939.39393939394,35
189883263,820000.0,136,4.0,2.0,Chamartín,28002,https://www.fotocasa.es/es/comprar/vivienda/madrid-capital/aire-acondicionado-calefaccion-parking-ascensor/189883263/d,2026-06-04T12:35:39.050,40.44398741178896,-3.672434555390438,7.0,,2026-09-26,piso,6029.411764705882,34
189007878,1150000.0,145,4.0,3.0,Chamberí,28003,https://www.fotocasa.es/es/comprar/vivienda/madrid-capital/aire-acondicionado-calefaccion-ascensor-amueblado/189007878/d,2026-03-04T14:14:24.587,40.43782533421969,-3.696080432718302,,,2026-09-26,piso,7931.0344827586205,50
190037427,1265000.0,175,3.0,3.0,Chamartín,28016,https://www.fotocasa.es/es/comprar/vivienda/madrid/calefaccion-parking-jardin-ascensor-no-amueblado/190037427/d,2026-06-22T10:18:56.890,40.45625038442134,-3.674537154841826,7.0,,2026-09-26,piso,7228.571428571428,34
190555621,269000.0,60,2.0,1.0,Puente De Vallecas,28053,https://www.fotocasa.es/es/comprar/vivienda/madrid/aire-acondicionado-calefaccion-terraza-patio/190555621/d,2026-08-25T19:01:44.653,40.3821327700597,-3.6720294500546102,7.0,Calle Sierra de Contraviesa,2026-09-26,piso,4483.333333333333,22
190527525,690000.0,125,3.0,2.0,Arganzuela,28045,https://www.fotocasa.es/es/comprar/vivienda/madrid/aire-acondicionado-calefaccion-ascensor-no-amueblado/190527525/d,2026-08-21T12:49:39.130,40.4048736889037,-3.695759332346378,7.0,Calle de la Batalla del Salado,2026-09-26,piso,5520.0,27
189400637,290000.0,50,2.0,1.0,Ciudad Lineal,28017,https://www.fotocasa.es/es/comprar/vivienda/madrid/aire-acondicionado-calefaccion-ascensor-no-amueblado/189400637/d,2026-04-17T10:10:37.563,40.42508317077285,-3.656985227269881,7.0,,2026-09-26,piso,5800.0,17
189667036,1400000.0,143,2.0,2.0,Centro,28005,https://www.fotocasa.es/es/comprar/vivienda/madrid/aire-acondicionado-calefaccion-parking-trastero-zona-comunitaria-ascensor-amueblado-television-piscina/189667036/d,2026-05-13T12:11:49.513,40.41730300616779,-3.705976458499129,2.0,,2026-09-26,piso,9790.20979020979,57
187741717,229000.0,52,1.0,1.0,San Blas,28022,https://www.fotocasa.es/es/comprar/vivienda/madrid/aire-acondicionado-parking-ascensor-piscina/187741717/d,2025-10-02T13:01:50.713,40.44319182848483,-3.58442425659378,5.0,Calle de Deyanira,2026-09-26,piso,4403.846153846154,14
187665636,350000.0,37,1.0,1.0,Chamberí,28010,https://www.fotocasa.es/es/comprar/vivienda/madrid/calefaccion-terraza/187665636/d,2025-09-25T12:55:24.777,40.43266626624327,-3.702233394722981,,C. del Cardenal Cisneros,2026-09-26,piso,9459.45945945946,50
185601191,2600000.0,233,4.0,2.0,Barrio De Salamanca,28028,https://www.fotocasa.es/es/comprar/vivienda/madrid/aire-acondicionado-calefaccion-parking-jardin-terraza-trastero/185601191/d,2025-02-11T17:45:29.277,40.426550834297565,-3.663087585948458,8.0,,2026-09-26,piso,11158.798283261802,68
190667914,370000.0,65,2.0,1.0,Chamberí,28010,https://www.fotocasa.es/es/comprar/vivienda/madrid-capital/calefaccion-ascensor-patio-no-amueblado/190667914/d,2026-09-04T20:13:32.553,40.43448068974084,-3.703396154471669,8.0,,2026-09-26,piso,5692.307692307692,50
189952218,207000.0,69,2.0,1.0,Villaverde,28021,https://www.fotocasa.es/es/comprar/vivienda/madrid-capital/terraza-no-amueblado/189952218/d,2026-06-11T19:00:41.997,40.34729266571436,-3.709499890671347,7.0,,2026-09-26,piso,3000.0,11
190204582,245000.0,66,3.0,1.0,Latina,28011,https://www.fotocasa.es/es/comprar/vivienda/madrid-capital/calefaccion-amueblado/190204582/d,2026-07-10T14:54:01.283,40.405604504993846,-3.7403404124670665,,Paseo de los Olivos,2026-09-26,piso,3712.121212121212,11
190004518,1150000.0,177,4.0,3.0,Chamartín,28016,https://www.fotocasa.es/es/comprar/vivienda/madrid-capital/calefaccion-parking-jardin-ascensor-piscina-no-amueblado/190004518/d,2026-06-17T18:25:57.943,40.46425146149893,-3.6664040090746326,7.0,,2026-09-26,piso,6497.175141242938,34
190900940,1450000.0,140,3.0,2.0,Chamartín,28016,https://www.fotocasa.es/es/comprar/vivienda/madrid-capital/aire-acondicionado-parking-terraza-zona-comunitaria-ascensor-amueblado/190900940/d,2026-09-22T09:07:15.227,40.45857782691952,-3.680201283274189,,,2026-09-26,piso,10357.142857142857,34
190900938,1150000.0,160,3.0,3.0,Chamberí,28015,https://www.fotocasa.es/es/comprar/vivienda/madrid-capital/aire-acondicionado-parking-terraza-ascensor-amueblado/190900938/d,2026-09-22T09:07:09.820,40.43495945041292,-3.715722567603156,,,2026-09-26,piso,7187.5,50
190860689,739000.0,82,3.0,2.0,Retiro,28007,https://www.fotocasa.es/es/comprar/vivienda/madrid-capital/aire-acondicionado-ascensor/190860689/d,2026-09-17T18:27:22.020,40.40626776941947,-3.6761943894996874,8.0,Calle de Cavanilles,2026-09-26,piso,9012.19512195122,35
188838591,1125000.0,150,4.0,3.0,Barrio De Salamanca,28028,https://www.fotocasa.es/es/comprar/vivienda/madrid-capital/aire-acondicionado-calefaccion-parking-terraza-ascensor/188838591/d,2026-02-13T13:35:33.600,40.43956604360991,-3.660129329600041,7.0,,2026-09-26,piso,7500.0,68
190732983,849000.0,65,2.0,2.0,Barrio De Salamanca,28006,https://www.fotocasa.es/es/comprar/vivienda/madrid-capital/aire-acondicionado-ascensor/190732983/d,2026-09-10T17:13:56.960,40.43128106255342,-3.674539432133109,,Calle de Padilla,2026-09-26,piso,13061.538461538461,68
189892528,1400000.0,355,7.0,4.0,Moncloa - Aravaca,28023,https://www.fotocasa.es/es/comprar/vivienda/madrid-capital/aire-acondicionado-calefaccion-parking-jardin-terraza-piscina-no-amueblado/189892528/d,2026-06-05T11:16:28.557,40.47383690106405,-3.8239963346534314,,,2026-09-26,piso,3943.6619718309857,28
190495258,575000.0,67,2.0,1.0,Barrio De Salamanca,28006,https://www.fotocasa.es/es/comprar/vivienda/madrid-capital/aire-acondicionado-calefaccion-trastero-ascensor-no-amueblado/190495258/d,2026-08-17T19:41:45.083,40.42877643090676,-3.673482716140231,,DE ALCÁNTARA,2026-09-26,piso,8582.089552238805,68
188954057,850000.0,105,3.0,2.0,Barrio De Salamanca,28006,https://www.fotocasa.es/es/comprar/vivienda/madrid-capital/aire-acondicionado-ascensor-amueblado/188954057/d,2026-02-26T16:38:58.447,40.43684234968349,-3.677786680649444,,General Pardiñas,2026-09-26,piso,8095.238095238095,68
190527933,495000.0,120,3.0,2.0,Latina,28024,https://www.fotocasa.es/es/comprar/vivienda/madrid/aire-acondicionado-calefaccion-terraza-ascensor-no-amueblado/190527933/d,2026-08-21T13:18:17.510,40.395816664327455,-3.77409308547473,7.0,Calle del Cine,2026-09-26,piso,4125.0,11
189988599,1210000.0,112,3.0,2.0,Barrio De Salamanca,28006,https://www.fotocasa.es/es/comprar/vivienda/madrid/aire-acondicionado-calefaccion-terraza-ascensor/189988599/d,2026-06-16T11:18:28.873,40.43433998094091,-3.672929046514603,9.0,,2026-09-26,piso,10803.57142857143,68
189395549,857000.0,159,3.0,2.0,Arganzuela,28005,https://www.fotocasa.es/es/comprar/vivienda/madrid/aire-acondicionado-calefaccion-parking-trastero-zona-comunitaria-ascensor-no-amueblado/189395549/d,2026-04-16T17:32:12.093,40.40587503875267,-3.708719424834288,5.0,,2026-09-26,piso,5389.937106918239,27
190230078,4495000.0,736,5.0,6.0,Moncloa - Aravaca,28035,https://www.fotocasa.es/es/comprar/vivienda/madrid/aire-acondicionado-calefaccion-parking-jardin-terraza-trastero-patio-piscina-no-amueblado/190230078/d,2026-07-14T12:10:11.247,40.47229820490549,-3.731932138284303,3.0,,2026-09-26,piso,6107.336956521739,28
189225265,850000.0,96,2.0,2.0,Chamartín,28016,https://www.fotocasa.es/es/comprar/vivienda/madrid/calefaccion-parking-ascensor-no-amueblado/189225265/d,2026-03-27T10:19:11.540,40.45500408931456,-3.682730327974248,6.0,,2026-09-26,piso,8854.166666666666,34
187670329,850000.0,89,2.0,2.0,Barrio De Salamanca,28001,https://www.fotocasa.es/es/comprar/vivienda/madrid/calefaccion-ascensor-no-amueblado/187670329/d,2025-09-25T17:32:15.480,40.42685550049295,-3.683925841846711,8.0,,2026-09-26,piso,9550.561797752809,68
190566855,760000.0,86,2.0,2.0,Centro,28005,https://www.fotocasa.es/es/comprar/vivienda/madrid-capital/aire-acondicionado-calefaccion-parking-jardin-terraza-trastero-ascensor-piscina/190566855/d,2026-08-27T09:25:50.957,40.40547692980192,-3.7099770474926954,5.0,,2026-09-26,piso,8837.209302325582,57
189951189,680000.0,120,2.0,2.0,Barajas,28042,https://www.fotocasa.es/es/comprar/vivienda/madrid-capital/calefaccion-parking-jardin-trastero-ascensor-piscina-no-amueblado/189951189/d,2026-06-11T17:48:29.100,40.46397397575848,-3.5943398340072434,4.0,,2026-09-26,piso,5666.666666666667,5
190655874,1100000.0,151,3.0,3.0,Hortaleza,28043,https://www.fotocasa.es/es/comprar/vivienda/madrid-capital/calefaccion-parking-jardin-trastero-piscina-no-amueblado/190655874/d,2026-09-03T16:32:07.950,40.45930466655192,-3.627976553763786,5.0,,2026-09-26,piso,7284.76821192053,26
190868391,360000.0,65,3.0,1.0,Latina,28011,https://www.fotocasa.es/es/comprar/vivienda/madrid-capital/calefaccion-ascensor-no-amueblado/190868391/d,2026-09-18T13:12:52.563,40.40257392121792,-3.749441615505874,7.0,,2026-09-26,piso,5538.461538461538,11
189474648,330000.0,33,2.0,1.0,Tetuán,28020,https://www.fotocasa.es/es/comprar/vivienda/madrid-capital/calefaccion-parking-ascensor-no-amueblado/189474648/d,2026-04-23T18:57:15.310,40.46202413429852,-3.6938282064602928,7.0,,2026-09-26,piso,10000.0,22
190836417,445000.0,52,1.0,1.0,Chamberí,28015,https://www.fotocasa.es/es/comprar/vivienda/madrid-capital/aire-acondicionado-calefaccion/190836417/d,2026-09-16T16:35:20.447,40.43212632112319,-3.7122273475705176,8.0,C. de Calvo Asensio,2026-09-26,piso,8557.692307692309,50
187653568,968000.0,126,3.0,2.0,Chamberí,28015,https://www.fotocasa.es/es/comprar/vivienda/madrid-capital/calefaccion-ascensor-no-amueblado/187653568/d,2025-09-24T10:57:08.067,40.43580302696749,-3.714550507737588,8.0,,2026-09-26,piso,7682.539682539683,50
190820711,440000.0,80,3.0,2.0,Barajas,28042,https://www.fotocasa.es/es/comprar/vivienda/madrid-capital/aire-acondicionado-calefaccion-parking-terraza-ascensor-patio-amueblado/190820711/d,2026-09-16T10:59:38.510,40.470250657941634,-3.581590078355885,7.0,,2026-09-26,piso,5500.0,5
190664061,630000.0,87,2.0,1.0,Tetuán,28020,https://www.fotocasa.es/es/comprar/vivienda/madrid-capital/calefaccion-ascensor-no-amueblado/190664061/d,2026-09-04T13:23:41.920,40.44494606426441,-3.6966075022413807,5.0,,2026-09-26,piso,7241.379310344828,22
190751365,300000.0,36,1.0,1.0,Barrio De Salamanca,28028,https://www.fotocasa.es/es/comprar/vivienda/madrid-capital/calefaccion/190751365/d,2026-09-13T09:55:25.777,40.43103998954361,-3.667907315416688,6.0,Calle Calle Francisco Navacerrada,2026-09-26,piso,8333.333333333334,68
190195073,715000.0,124,4.0,2.0,Fuencarral - El Pardo,28035,https://www.fotocasa.es/es/comprar/vivienda/madrid-capital/calefaccion-jardin-ascensor-no-amueblado/190195073/d,2026-07-09T15:26:36.733,40.47987037404856,-3.7178406393045824,6.0,,2026-09-26,piso,5766.129032258064,17
190592335,300000.0,71,2.0,1.0,Latina,28011,https://www.fotocasa.es/es/comprar/vivienda/madrid-capital/aire-acondicionado-no-amueblado/190592335/d,2026-08-28T20:02:35.490,40.40792591113719,-3.732074982819378,7.0,Calle de María del Carmen,2026-09-26,piso,4225.352112676056,11
190187745,499000.0,106,2.0,1.0,Tetuán,28039,https://www.fotocasa.es/es/comprar/vivienda/madrid/aire-acondicionado-calefaccion-terraza-trastero-ascensor/190187745/d,2026-07-08T19:48:33.103,40.461586340150205,-3.7037221070601354,1.0,Calle de la Huerta del Obispo,2026-09-26,piso,4707.547169811321,22
190529067,249900.0,65,3.0,1.0,Usera,28026,https://www.fotocasa.es/es/comprar/vivienda/madrid/aire-acondicionado-calefaccion-ascensor-no-amueblado/190529067/d,2026-08-21T15:47:05.240,40.38251297366486,-3.7035864711962216,7.0,Calle del Amor Hermoso,2026-09-26,piso,3844.6153846153848,5
188954241,795000.0,91,1.0,1.0,Chamberí,28010,https://www.fotocasa.es/es/comprar/vivienda/madrid/calefaccion-ascensor-amueblado/188954241/d,2026-02-26T16:45:44.333,40.42678971274961,-3.6924825103018017,,Calle del Monte Esquinza,2026-09-26,piso,8736.263736263736,50
181508861,235000.0,47,1.0,1.0,Centro,28005,https://www.fotocasa.es/es/comprar/vivienda/madrid/calefaccion-no-amueblado/181508861/d,2024-01-04T16:12:06.283,40.41072149349318,-3.7091394950916032,9.0,,2026-09-26,piso,5000.0,57
190092848,640000.0,96,3.0,2.0,Arganzuela,28005,https://www.fotocasa.es/es/comprar/vivienda/madrid/calefaccion-ascensor-no-amueblado/190092848/d,2026-06-29T10:17:21.507,40.40611134854873,-3.7053707210841935,8.0,,2026-09-26,piso,6666.666666666667,27
189051378,269000.0,43,1.0,1.0,Arganzuela,28005,https://www.fotocasa.es/es/comprar/vivienda/madrid/calefaccion-ascensor-amueblado/189051378/d,2026-03-09T11:31:45.603,40.39985815304933,-3.702677853167029,8.0,,2026-09-26,piso,6255.813953488372,27
186682896,325000.0,74,1.0,1.0,Tetuán,28039,https://www.fotocasa.es/es/comprar/vivienda/madrid/calefaccion-ascensor-no-amueblado/186682896/d,2025-06-03T16:27:39.483,40.46573932341697,-3.7043117200138,5.0,,2026-09-26,piso,4391.891891891892,22
190596162,1330000.0,153,3.0,2.0,Chamberí,28010,https://www.fotocasa.es/es/comprar/vivienda/madrid-capital/terraza-trastero-zona-comunitaria-ascensor-no-amueblado/190596162/d,2026-08-29T14:32:32.790,40.4322589921288,-3.699158584591536,8.0,Juan de Austria,2026-09-26,piso,8692.81045751634,50
189609990,275000.0,46,2.0,1.0,Arganzuela,28045,https://www.fotocasa.es/es/comprar/vivienda/madrid-capital/aire-acondicionado-ascensor-no-amueblado/189609990/d,2026-05-07T10:20:20.840,40.40078714822044,-3.6966630393899016,9.0,Calle del Ferrocarril,2026-09-26,piso,5978.260869565217,27
190176224,710000.0,110,4.0,2.0,Arganzuela,28005,https://www.fotocasa.es/es/comprar/vivienda/madrid-capital/aire-acondicionado-calefaccion-parking-jardin-ascensor/190176224/d,2026-07-07T18:24:11.930,40.40119899474495,-3.7107895974527954,7.0,de Carmen Cobeña,2026-09-26,piso,6454.545454545455,27
190741211,725000.0,129,4.0,2.0,Centro,28005,https://www.fotocasa.es/es/comprar/vivienda/madrid-capital/calefaccion-ascensor/190741211/d,2026-09-11T14:05:45.797,40.41030631211648,-3.711904623652083,9.0,C. del Ángel,2026-09-26,piso,5620.15503875969,57
190743918,140000.0,35,1.0,1.0,Puente De Vallecas,28038,https://www.fotocasa.es/es/comprar/vivienda/madrid-capital/calefaccion-amueblado/190743918/d,2026-09-11T19:34:38.427,40.40107057323092,-3.666494732872773,9.0,Calle de los Hermanos Carpi,2026-09-26,piso,4000.0,22
190629599,319650.0,42,2.0,1.0,Centro,28004,https://www.fotocasa.es/es/comprar/vivienda/madrid-capital/calefaccion-ascensor/190629599/d,2026-09-01T14:05:32.250,40.42139680731604,-3.697693267242693,,,2026-09-26,piso,7610.714285714285,57
187252679,239000.0,58,2.0,1.0,Ciudad Lineal,28017,https://www.fotocasa.es/es/comprar/vivienda/madrid/ascensor-no-amueblado/187252679/d,2025-08-06T10:10:04.607,40.4359711709656,-3.6402274059580577,,Calle Amos de Escalante,2026-09-26,piso,4120.689655172414,17
188954163,670000.0,50,2.0,1.0,Centro,28005,https://www.fotocasa.es/es/comprar/vivienda/madrid/aire-acondicionado-ascensor-amueblado/188954163/d,2026-02-26T16:42:43.117,40.407840521483614,-3.708966141715828,,Callejón de Mellizo,2026-09-26,piso,13400.0,57
189808442,325000.0,50,2.0,1.0,Retiro,28007,https://www.fotocasa.es/es/comprar/vivienda/madrid/ascensor-no-amueblado/189808442/d,2026-05-28T13:25:09.193,40.4054077,-3.680376,,Avenida de Menéndez Pelayo,2026-09-26,piso,6500.0,35
188894643,725000.0,118,5.0,1.0,Moncloa - Aravaca,28008,https://www.fotocasa.es/es/comprar/vivienda/madrid/calefaccion-trastero-no-amueblado/188894643/d,2026-02-20T10:39:15.823,40.424555004221546,-3.717434267462961,9.0,,2026-09-26,piso,6144.067796610169,28
186498317,1100000.0,99,2.0,2.0,Centro,28004,https://www.fotocasa.es/es/comprar/vivienda/madrid/aire-acondicionado-calefaccion-ascensor-amueblado/186498317/d,2025-05-15T18:45:22.230,40.42469994580851,-3.697054739163154,9.0,,2026-09-26,piso,11111.111111111111,57
190904476,318000.0,33,1.0,1.0,Chamberí,28015,https://www.fotocasa.es/es/comprar/vivienda/madrid-capital/no-amueblado/190904476/d,2026-09-22T12:20:50.637,40.433712777080274,-3.71459446819894,7.0,Calle de Andrés Mellado,2026-09-26,piso,9636.363636363636,50
185885728,199900.0,27,2.0,1.0,Hortaleza,28043,https://www.fotocasa.es/es/comprar/vivienda/madrid-capital/aire-acondicionado-calefaccion-terraza-zona-comunitaria-ascensor/185885728/d,2025-03-11T14:01:18.797,40.45589553255755,-3.6532548576253614,,Calle de Asura,2026-09-26,piso,7403.7037037037035,26
190544135,365000.0,53,1.0,1.0,Barrio De Salamanca,28028,https://www.fotocasa.es/es/comprar/vivienda/madrid-capital/aire-acondicionado-calefaccion-amueblado/190544135/d,2026-08-24T14:00:39.263,40.4373188561868,-3.672648858069013,,MEJICO,2026-09-26,piso,6886.792452830188,68
190918477,525000.0,45,1.0,1.0,Chamartín,28036,https://www.fotocasa.es/es/comprar/vivienda/madrid-capital/aire-acondicionado-calefaccion-ascensor-amueblado/190918477/d,2026-09-23T14:35:24.470,40.45031665692999,-3.689617280723885,7.0,C. de Santiago Bernabéu,2026-09-26,piso,11666.666666666666,34
190905783,480000.0,59,2.0,1.0,Centro,28004,https://www.fotocasa.es/es/comprar/vivienda/madrid-capital/calefaccion-ascensor-no-amueblado/190905783/d,2026-09-22T13:26:22.177,40.42438157606343,-3.699014750904816,8.0,,2026-09-26,piso,8135.593220338983,57
190569291,695000.0,146,4.0,2.0,Fuencarral - El Pardo,28034,https://www.fotocasa.es/es/comprar/vivienda/madrid-capital/calefaccion-parking-terraza-trastero-zona-comunitaria-ascensor/190569291/d,2026-08-27T13:15:09.330,40.484804103556286,-3.703836691558986,,,2026-09-26,piso,4760.273972602739,17
190500770,1000000.0,135,2.0,2.0,Centro,28004,https://www.fotocasa.es/es/comprar/vivienda/madrid-capital/aire-acondicionado-terraza-ascensor/190500770/d,2026-08-18T10:55:38.433,40.420622108970335,-3.700074363385916,,C. de las Infantas,2026-09-26,piso,7407.407407407408,57
190708453,495000.0,57,3.0,1.0,Chamartín,28002,https://www.fotocasa.es/es/comprar/vivienda/madrid-capital/aire-acondicionado-calefaccion-ascensor-no-amueblado/190708453/d,2026-09-09T10:20:59.093,40.44315843242036,-3.674983010153011,7.0,,2026-09-26,piso,8684.21052631579,34
190051371,299900.0,55,2.0,1.0,Hortaleza,28033,https://www.fotocasa.es/es/comprar/vivienda/madrid/pinar-del-rey/190051371/d,2026-06-23T13:49:41.383,40.47418939866477,-3.6373982348345457,7.0,Calle de Baranoa,2026-09-26,piso,5452.727272727273,26
189231385,255000.0,56,2.0,1.0,Ciudad Lineal,28017,https://www.fotocasa.es/es/comprar/vivienda/madrid/no-amueblado/189231385/d,2026-03-27T19:25:14.160,40.42721899545828,-3.641187843008743,7.0,De San Fidel,2026-09-26,piso,4553.571428571428,17
189435099,285000.0,101,3.0,2.0,Carabanchel,28044,https://www.fotocasa.es/es/comprar/vivienda/madrid-capital/parking-terraza-ascensor/189435099/d,2026-04-21T07:58:30.257,40.37011369337987,-3.759149540343115,7.0, AGUILAR DEL RIO,2026-09-26,piso,2821.7821782178216,16
190925267,525000.0,65,2.0,2.0,Chamberí,28015,https://www.fotocasa.es/es/comprar/vivienda/madrid-capital/calefaccion-ascensor-no-amueblado/190925267/d,2026-09-24T09:03:20.020,40.43404483400277,-3.706364777984996,8.0,,2026-09-26,piso,8076.923076923077,50
190697623,104000.0,28,1.0,1.0,Puente De Vallecas,28053,https://www.fotocasa.es/es/comprar/vivienda/madrid-capital/san-diego/190697623/d,2026-09-08T14:01:37.867,40.39531815451107,-3.670028733365192,,Calle Pena Ubina,2026-09-26,piso,3714.285714285714,22
190558104,349000.0,74,3.0,2.0,Fuencarral - El Pardo,28034,https://www.fotocasa.es/es/comprar/vivienda/madrid-capital/aire-acondicionado-calefaccion/190558104/d,2026-08-26T06:22:44.997,40.49576210606211,-3.690426402672949,7.0,,2026-09-26,piso,4716.216216216216,17
190001832,1800000.0,306,5.0,3.0,Retiro,28014,https://www.fotocasa.es/es/comprar/vivienda/madrid-capital/aire-acondicionado-calefaccion-parking-terraza-trastero-no-amueblado/190001832/d,2026-06-17T14:31:18.180,40.409605338986495,-3.6849869440267216,7.0,,2026-09-26,piso,5882.35294117647,35
189445554,2390000.0,396,4.0,4.0,Hortaleza,28043,https://www.fotocasa.es/es/comprar/vivienda/madrid/aire-acondicionado-calefaccion-parking-jardin-terraza-trastero-piscina/189445554/d,2026-04-21T09:35:50.993,40.46240185674719,-3.6532232172268873,5.0,,2026-09-26,piso,6035.353535353535,26
189949203,3900000.0,343,4.0,4.0,Barrio De Salamanca,28006,https://www.fotocasa.es/es/comprar/vivienda/madrid/parking-terraza-trastero-ascensor/189949203/d,2026-06-11T14:17:23.497,40.43540900816704,-3.67763257368259,7.0,Calle del General Pardiñas,2026-09-26,piso,11370.262390670554,68
189896774,2720000.0,450,5.0,5.0,Hortaleza,28043,https://www.fotocasa.es/es/comprar/vivienda/madrid/aire-acondicionado-calefaccion-terraza-piscina-no-amueblado/189896774/d,2026-06-05T18:07:36.570,40.46049074538967,-3.6463776378598567,6.0,,2026-09-26,piso,6044.444444444444,26
186139666,1440000.0,287,4.0,4.0,Moncloa - Aravaca,28023,https://www.fotocasa.es/es/comprar/vivienda/madrid/calefaccion-parking-jardin-terraza-amueblado/186139666/d,2025-04-07T10:29:52.340,40.455581955717534,-3.7832421836701338,6.0,,2026-09-26,piso,5017.421602787456,28
189737232,685000.0,124,3.0,2.0,San Blas,28022,https://www.fotocasa.es/es/comprar/vivienda/madrid/calefaccion-parking-jardin-ascensor-piscina/189737232/d,2026-05-20T17:29:38.543,40.443369909185954,-3.575912840747488,5.0,,2026-09-26,piso,5524.193548387097,14
190065797,549000.0,83,2.0,1.0,Centro,28014,https://www.fotocasa.es/es/comprar/vivienda/madrid-capital/aire-acondicionado-calefaccion-amueblado/190065797/d,2026-06-25T09:18:57.547,40.41228866954462,-3.6954367604044505,,,2026-09-26,piso,6614.457831325301,57
190133719,379000.0,66,2.0,1.0,Moncloa - Aravaca,28008,https://www.fotocasa.es/es/comprar/vivienda/madrid-capital/calefaccion-jardin-ascensor-no-amueblado/190133719/d,2026-07-02T17:14:59.437,40.42826524346668,-3.730556182457643,7.0,,2026-09-26,piso,5742.424242424242,28
190768096,700000.0,80,2.0,1.0,Chamartín,28002,https://www.fotocasa.es/es/comprar/vivienda/madrid-capital/aire-acondicionado-calefaccion-parking-terraza-ascensor/190768096/d,2026-09-14T16:35:19.943,40.443879514055205,-3.677379069173828,8.0,,2026-09-26,piso,8750.0,34
189989863,735000.0,103,3.0,2.0,Tetuán,28039,https://www.fotocasa.es/es/comprar/vivienda/madrid-capital/terraza-ascensor-no-amueblado/189989863/d,2026-06-16T12:26:49.560,40.46102335336734,-3.700237587645841,7.0,,2026-09-26,piso,7135.922330097087,22
190218730,582000.0,56,2.0,1.0,Chamberí,28015,https://www.fotocasa.es/es/comprar/vivienda/madrid-capital/aire-acondicionado-calefaccion-ascensor-no-amueblado/190218730/d,2026-07-13T10:16:12.893,40.43604867528055,-3.703820396893296,9.0,,2026-09-26,piso,10392.857142857143,50
190728796,1149000.0,288,5.0,3.0,Barajas,28042,https://www.fotocasa.es/es/comprar/vivienda/madrid-capital/calefaccion-parking-jardin-terraza-trastero/190728796/d,2026-09-10T11:45:44.920,40.459176349579245,-3.591401784590966,6.0,,2026-09-26,piso,3989.5833333333335,5
189990433,209500.0,55,2.0,1.0,Usera,28026,https://www.fotocasa.es/es/comprar/vivienda/madrid-capital/almendrales/189990433/d,2026-06-16T13:01:03.627,40.38535190028223,-3.704133152955947,8.0,Calle de Ramón Luján,2026-09-26,piso,3809.090909090909,5
190001866,498000.0,54,2.0,1.0,Chamartín,28002,https://www.fotocasa.es/es/comprar/vivienda/madrid/aire-acondicionado-trastero-ascensor/190001866/d,2026-06-17T14:35:07.873,40.44285293035902,-3.676478167104159,,,2026-09-26,piso,9222.222222222223,34
190244003,195000.0,70,3.0,1.0,Carabanchel,28025,https://www.fotocasa.es/es/comprar/vivienda/madrid/terraza-amueblado/190244003/d,2026-07-15T19:00:39.757,40.377892608488274,-3.7332839906656656,,Plaza Francisca Pacheco,2026-09-26,piso,2785.714285714286,16
190407770,1395000.0,167,4.0,3.0,Hortaleza,28055,https://www.fotocasa.es/es/comprar/vivienda/madrid/aire-acondicionado-calefaccion-parking-terraza-ascensor-piscina-no-amueblado/190407770/d,2026-08-05T10:51:42.793,40.49556139870691,-3.6191697418622826,1.0,,2026-09-26,piso,8353.293413173653,26
190123170,195000.0,30,1.0,1.0,Arganzuela,28005,https://www.fotocasa.es/es/comprar/vivienda/madrid/ascensor/190123170/d,2026-07-01T18:34:26.467,40.40407745393669,-3.7047671430589215,9.0,,2026-09-26,piso,6500.0,27
190219947,240000.0,59,2.0,1.0,Hortaleza,28043,https://www.fotocasa.es/es/comprar/vivienda/madrid-capital/aire-acondicionado-terraza-no-amueblado/190219947/d,2026-07-13T11:55:13.063,40.45896615638456,-3.649052263603597,,,2026-09-26,piso,4067.7966101694915,26
190232624,337000.0,123,2.0,2.0,Fuencarral - El Pardo,28034,https://www.fotocasa.es/es/comprar/vivienda/madrid-capital/calefaccion-jardin-amueblado/190232624/d,2026-07-14T15:51:20.310,40.49277058841122,-3.6885788474265992,7.0,,2026-09-26,piso,2739.837398373984,17
190658114,245000.0,51,2.0,1.0,Ciudad Lineal,28017,https://www.fotocasa.es/es/comprar/vivienda/madrid-capital/no-amueblado/190658114/d,2026-09-03T19:39:42.767,40.42360838701356,-3.65278575401908,7.0,,2026-09-26,piso,4803.921568627451,17
190560239,400000.0,108,3.0,2.0,Moratalaz,28030,https://www.fotocasa.es/es/comprar/vivienda/madrid/parking-ascensor/190560239/d,2026-08-26T12:15:25.193,40.41620585826188,-3.6577749535822752,6.0,Felix Rodriguez de la Fuente,2026-09-26,piso,3703.703703703704,2
190238202,230000.0,52,3.0,1.0,Vicálvaro,28032,https://www.fotocasa.es/es/comprar/vivienda/madrid/aire-acondicionado-terraza/190238202/d,2026-07-15T10:33:54.250,40.39962940880538,-3.606787908007723,,,2026-09-26,piso,4423.076923076923,7
189095270,1425000.0,160,4.0,2.0,Chamberí,28015,https://www.fotocasa.es/es/comprar/vivienda/madrid/aire-acondicionado-ascensor-no-amueblado/189095270/d,2026-03-13T10:18:23.213,40.43239027713452,-3.714439802946047,,Andrés Mellado,2026-09-26,piso,8906.25,50
190563223,200000.0,68,3.0,1.0,Puente De Vallecas,28053,https://www.fotocasa.es/es/comprar/vivienda/madrid-capital/aire-acondicionado-calefaccion-no-amueblado/190563223/d,2026-08-26T17:25:09.977,40.38981434531824,-3.66576051524685,7.0,,2026-09-26,piso,2941.176470588235,22
189893427,239900.0,68,3.0,1.0,Fuencarral - El Pardo,28034,https://www.fotocasa.es/es/comprar/vivienda/madrid-capital/no-amueblado/189893427/d,2026-06-05T12:25:25.490,40.49317193874252,-3.68998940243491,7.0,Calle de Sandalio López,2026-09-26,piso,3527.9411764705883,17
190276435,310000.0,92,3.0,1.0,Fuencarral - El Pardo,28034,https://www.fotocasa.es/es/comprar/vivienda/madrid-capital/calefaccion-no-amueblado/190276435/d,2026-07-20T12:26:13.440,40.49479261828763,-3.6940953743739526,7.0,,2026-09-26,piso,3369.5652173913045,17
190203856,395000.0,135,1.0,1.0,San Blas,28022,https://www.fotocasa.es/es/comprar/vivienda/madrid/calefaccion-ascensor-no-amueblado/190203856/d,2026-07-10T13:51:26.077,40.44825925906377,-3.5773917551731245,4.0,,2026-09-26,piso,2925.925925925926,14
189114795,415000.0,98,2.0,2.0,Barajas,28042,https://www.fotocasa.es/es/comprar/vivienda/madrid/ascensor/189114795/d,2026-03-16T09:40:22.113,40.45045115281158,-3.587777143898733,,,2026-09-26,piso,4234.693877551021,5
190084476,1330000.0,89,2.0,2.0,Barrio De Salamanca,28006,https://www.fotocasa.es/es/comprar/vivienda/madrid/aire-acondicionado-calefaccion-zona-comunitaria-ascensor-no-amueblado/190084476/d,2026-06-27T14:30:42.370,40.42955966759696,-3.677106812665513,8.0,José Ortega y Gasset,2026-09-26,piso,14943.8202247191,68
190628934,2990000.0,450,5.0,6.0,Hortaleza,28043,https://www.fotocasa.es/es/comprar/vivienda/madrid-capital/aire-acondicionado-calefaccion-parking-jardin-terraza-patio-no-amueblado/190628934/d,2026-09-01T13:28:33.823,40.4561803294074,-3.6524227000054914,4.0,,2026-09-26,piso,6644.444444444444,26
190637318,740000.0,60,2.0,2.0,Barrio De Salamanca,28006,https://www.fotocasa.es/es/comprar/vivienda/madrid-capital/calefaccion-ascensor-amueblado/190637318/d,2026-09-02T10:21:35.410,40.43023589746079,-3.679259377878135,9.0,,2026-09-26,piso,12333.333333333334,68
188525722,174000.0,38,1.0,1.0,Latina,28047,https://www.fotocasa.es/es/comprar/vivienda/madrid-capital/calefaccion-no-amueblado/188525722/d,2026-01-13T13:18:37.773,40.38974044120009,-3.7456165186208414,7.0,,2026-09-26,piso,4578.9473684210525,11
190868620,525000.0,70,1.0,1.0,Barrio De Salamanca,28006,https://www.fotocasa.es/es/comprar/vivienda/madrid-capital/aire-acondicionado-calefaccion-ascensor-amueblado/190868620/d,2026-09-18T13:26:50.027,40.43642769105289,-3.680493380504516,9.0,General Oraá,2026-09-26,piso,7500.0,68
190758672,270000.0,57,2.0,2.0,Ciudad Lineal,28017,https://www.fotocasa.es/es/comprar/vivienda/madrid-capital/aire-acondicionado-calefaccion-ascensor-no-amueblado/190758672/d,2026-09-14T11:30:04.630,40.43372650534481,-3.6397694732762713,7.0,,2026-09-26,piso,4736.8421052631575,17
190062108,169000.0,30,1.0,1.0,Hortaleza,28043,https://www.fotocasa.es/es/comprar/vivienda/madrid/aire-acondicionado/190062108/d,2026-06-24T17:35:15.677,40.46994249833717,-3.651225222283308,,Calle Biosca,2026-09-26,piso,5633.333333333333,26
188056906,270000.0,36,2.0,1.0,Centro,28015,https://www.fotocasa.es/es/comprar/vivienda/madrid/calefaccion-no-amueblado/188056906/d,2025-11-06T18:49:40.187,40.43009762725436,-3.7086800210092,9.0,,2026-09-26,piso,7500.0,57
189016373,680000.0,100,3.0,1.0,Retiro,28007,https://www.fotocasa.es/es/comprar/vivienda/madrid/calefaccion/189016373/d,2026-03-05T10:02:25.650,40.41126220580017,-3.669472286024666,7.0,,2026-09-26,piso,6800.0,35
189664342,191000.0,50,2.0,1.0,San Blas,28037,https://www.fotocasa.es/es/comprar/vivienda/madrid/no-amueblado/189664342/d,2026-05-13T09:45:14.047,40.42874669071831,-3.620454512522185,,,2026-09-26,piso,3820.0,14
187944194,170000.0,36,2.0,1.0,Villaverde,28021,https://www.fotocasa.es/es/comprar/vivienda/madrid/aire-acondicionado-calefaccion-parking-ascensor-piscina-no-amueblado/187944194/d,2025-10-24T13:51:06.623,40.35316252251148,-3.683732924876843,4.0,,2026-09-26,piso,4722.222222222223,11
190420745,230000.0,48,2.0,1.0,San Blas,28037,https://www.fotocasa.es/es/comprar/vivienda/madrid/aire-acondicionado/190420745/d,2026-08-06T18:01:02.227,40.42474461962608,-3.6231418153657127,7.0,,2026-09-26,piso,4791.666666666667,14
189911718,699000.0,54,1.0,1.0,Barrio De Salamanca,28009,https://www.fotocasa.es/es/comprar/vivienda/madrid/calefaccion-ascensor-no-amueblado/189911718/d,2026-06-08T11:52:14.643,40.42461103593703,-3.675875117938004,8.0,,2026-09-26,piso,12944.444444444445,68
187776278,3300000.0,474,4.0,4.0,Centro,28013,https://www.fotocasa.es/es/comprar/vivienda/madrid/aire-acondicionado-calefaccion-jardin-terraza-trastero-ascensor-amueblado-piscina/187776278/d,2025-10-06T17:36:13.800,40.42228243306029,-3.709796323813202,8.0,C. de Leganitos,2026-09-26,piso,6962.025316455696,57
181159691,3000000.0,880,6.0,8.0,Fuencarral - El Pardo,28035,https://www.fotocasa.es/es/comprar/vivienda/madrid/aire-acondicionado-calefaccion-parking-jardin-terraza-trastero-piscina-internet-no-amueblado/181159691/d,2023-11-22T10:27:39.600,40.48113355041448,-3.740752485163864,6.0,Calle de Siguero,2026-09-26,piso,3409.090909090909,17
190850034,860000.0,153,4.0,2.0,Barajas,28042,https://www.fotocasa.es/es/comprar/vivienda/madrid-capital/calefaccion-parking-jardin-terraza-ascensor-piscina/190850034/d,2026-09-17T13:15:32.490,40.45575281211988,-3.586075410594636,6.0,,2026-09-26,piso,5620.915032679739,5
190741192,1108080.0,290,3.0,2.0,Moncloa - Aravaca,28023,https://www.fotocasa.es/es/comprar/vivienda/madrid-capital/parking-terraza-trastero-zona-comunitaria-ascensor-piscina-no-amueblado/190741192/d,2026-09-11T14:03:54.530,40.47255745989664,-3.825786429606045,1.0,Calle de Montero Calvo,2026-09-26,piso,3820.9655172413795,28
181449242,3000000.0,881,5.0,7.0,Fuencarral - El Pardo,28035,https://www.fotocasa.es/es/comprar/vivienda/madrid/calefaccion-parking-jardin-terraza-trastero-piscina/181449242/d,2023-12-27T14:15:31.683,40.47966040451534,-3.742849600808836,6.0,,2026-09-26,piso,3405.22133938706,17
190196802,2300000.0,235,3.0,4.0,Chamberí,28003,https://www.fotocasa.es/es/comprar/vivienda/madrid/calefaccion-terraza-ascensor/190196802/d,2026-07-09T17:47:49.393,40.43901364722327,-3.710849713697467,8.0,Calle de Cea Bermúdez,2026-09-26,piso,9787.234042553191,50
189073634,3950000.0,451,6.0,3.0,Chamartín,28046,https://www.fotocasa.es/es/comprar/vivienda/madrid/calefaccion-parking-trastero-ascensor-no-amueblado/189073634/d,2026-03-11T11:12:10.543,40.45166966350152,-3.690264057715913,7.0,,2026-09-26,piso,8758.314855875831,34
184862279,1000000.0,327,7.0,3.0,Moncloa - Aravaca,28023,https://www.fotocasa.es/es/comprar/vivienda/madrid/calefaccion-jardin-terraza-patio-no-amueblado/184862279/d,2024-11-13T14:38:31.800,40.456875451571456,-3.779655884565471,8.0,,2026-09-26,piso,3058.103975535168,28
186452481,3500000.0,600,5.0,8.0,Moncloa - Aravaca,28023,https://www.fotocasa.es/es/comprar/vivienda/madrid/aire-acondicionado-calefaccion-parking-jardin-trastero-piscina-amueblado/186452481/d,2025-05-12T11:56:10.447,40.45788549339233,-3.7635086668171542,4.0,,2026-09-26,piso,5833.333333333333,28
189717474,2650000.0,487,7.0,7.0,Hortaleza,28043,https://www.fotocasa.es/es/comprar/vivienda/madrid-capital/aire-acondicionado-calefaccion-parking-jardin-terraza-piscina-amueblado/189717474/d,2026-05-19T04:04:44.123,40.462304041708855,-3.6367826906552994,,,2026-09-26,piso,5441.478439425051,26
189924815,1950000.0,468,6.0,4.0,Chamartín,28016,https://www.fotocasa.es/es/comprar/vivienda/madrid-capital/calefaccion-jardin-ascensor-piscina-no-amueblado/189924815/d,2026-06-09T12:59:49.530,40.46681393242846,-3.676310477029589,7.0,,2026-09-26,piso,4166.666666666667,34
187943081,1390000.0,356,5.0,5.0,Moncloa - Aravaca,28023,https://www.fotocasa.es/es/comprar/vivienda/madrid/aire-acondicionado-calefaccion-parking-jardin-terraza-piscina-no-amueblado/187943081/d,2025-10-24T12:46:12.210,40.46862728015859,-3.822425167961921,5.0,,2026-09-26,piso,3904.494382022472,28
190663510,1367830.0,318,4.0,5.0,Moncloa - Aravaca,28023,https://www.fotocasa.es/es/comprar/vivienda/madrid-capital/aire-acondicionado-calefaccion-parking-jardin-piscina-no-amueblado/190663510/d,2026-09-04T12:54:08.240,40.47626900163115,-3.8336276799260425,1.0,,2026-09-26,piso,4301.352201257861,28
189783760,357500.0,74,2.0,2.0,Puente De Vallecas,28053,https://www.fotocasa.es/es/comprar/vivienda/madrid/aire-acondicionado-calefaccion-parking-terraza-trastero-ascensor-patio-no-amueblado/189783760/d,2026-05-26T12:03:49.577,40.38672637244623,-3.668987725054305,4.0,,2026-09-26,piso,4831.081081081081,22
190050698,2700000.0,393,5.0,4.0,Moncloa - Aravaca,28035,https://www.fotocasa.es/es/comprar/vivienda/madrid/aire-acondicionado-calefaccion-jardin-terraza-piscina-no-amueblado/190050698/d,2026-06-23T13:12:45.850,40.46712532693364,-3.72419627563851,8.0,Avenida de Juan Andrés,2026-09-26,piso,6870.229007633588,28
189599211,2590000.0,730,5.0,6.0,Fuencarral - El Pardo,28035,https://www.fotocasa.es/es/comprar/vivienda/madrid/jardin-terraza-trastero-piscina-no-amueblado/189599211/d,2026-05-06T11:35:54.960,40.47614386458405,-3.741081124900484,,,2026-09-26,piso,3547.945205479452,17
188668518,550000.0,147,4.0,2.0,San Blas,28022,https://www.fotocasa.es/es/comprar/vivienda/madrid/aire-acondicionado-calefaccion-parking-ascensor/188668518/d,2026-01-27T14:25:25.797,40.449664493004136,-3.581259664355244,6.0,,2026-09-26,piso,3741.496598639456,14
190865191,385000.0,69,2.0,1.0,Ciudad Lineal,28017,https://www.fotocasa.es/es/comprar/vivienda/madrid-capital/ascensor/190865191/d,2026-09-18T09:37:29.157,40.42599598548947,-3.656755590868797,7.0,,2026-09-26,piso,5579.710144927536,17
190760581,1875000.0,450,2.0,1.0,Moncloa - Aravaca,28035,https://www.fotocasa.es/es/comprar/vivienda/madrid-capital/calefaccion-no-amueblado/190760581/d,2026-09-14T13:24:59.513,40.464994971284646,-3.724759762102596,,,2026-09-26,piso,4166.666666666667,28
190504084,230000.0,45,1.0,1.0,Ciudad Lineal,28027,https://www.fotocasa.es/es/comprar/vivienda/madrid-capital/ascensor-amueblado/190504084/d,2026-08-18T17:36:29.243,40.43610008426227,-3.658228416124385,7.0,Calle Calle Virgen de Lourdes,2026-09-26,piso,5111.111111111111,17
190359995,206000.0,58,1.0,1.0,Puente De Vallecas,28053,https://www.fotocasa.es/es/comprar/vivienda/madrid-capital/calefaccion-ascensor/190359995/d,2026-07-29T20:00:29.547,40.39329782683567,-3.668907336906339,4.0,Calle SIERRA DEL CASTILLO,2026-09-26,piso,3551.7241379310344,22
189680139,459900.0,90,2.0,2.0,Ciudad Lineal,28027,https://www.fotocasa.es/es/comprar/vivienda/madrid-capital/aire-acondicionado-ascensor-amueblado-television/189680139/d,2026-05-14T13:30:18.993,40.4388007,-3.6501876,,Calle de la Virgen del Castañar,2026-09-26,piso,5110.0,17
190146532,920000.0,114,4.0,2.0,Retiro,28009,https://www.fotocasa.es/es/comprar/vivienda/madrid-capital/aire-acondicionado-calefaccion-ascensor/190146532/d,2026-07-03T19:51:29.960,40.41745715725,-3.6758571702612,8.0,Calle NARVAEZ,2026-09-26,piso,8070.175438596491,35
190117396,434900.0,121,3.0,2.0,San Blas,28037,https://www.fotocasa.es/es/comprar/vivienda/madrid/aire-acondicionado-calefaccion-terraza-ascensor-amueblado-television/190117396/d,2026-07-01T11:14:29.900,40.4302038,-3.6139595,,Calle de Lucas Mallada,2026-09-26,piso,3594.214876033058,14
189677869,495000.0,48,1.0,1.0,Centro,28004,https://www.fotocasa.es/es/comprar/vivienda/madrid/aire-acondicionado-calefaccion-ascensor-no-amueblado/189677869/d,2026-05-14T10:50:52.773,40.4266118,-3.7018212,9.0,Calle de Velarde,2026-09-26,piso,10312.5,57
189679012,625000.0,60,1.0,1.0,Centro,28004,https://www.fotocasa.es/es/comprar/vivienda/madrid/aire-acondicionado-calefaccion-ascensor-no-amueblado/189679012/d,2026-05-14T12:13:50.080,40.4266118,-3.7018212,9.0,Calle de Velarde,2026-09-26,piso,10416.666666666666,57
189959033,195000.0,59,2.0,1.0,Puente De Vallecas,28018,https://www.fotocasa.es/es/comprar/vivienda/madrid/calefaccion-amueblado/189959033/d,2026-06-12T12:47:09.050,40.3853517,-3.6381954,7.0,Calle Benalmádena,2026-09-26,piso,3305.084745762712,22
186425137,234000.0,48,2.0,1.0,Usera,28026,https://www.fotocasa.es/es/comprar/vivienda/madrid/aire-acondicionado-calefaccion-no-amueblado/186425137/d,2025-05-08T18:08:19.090,40.3818838,-3.699938,7.0,Calle del Cristo de la Fe,2026-09-26,piso,4875.0,5
189378383,645000.0,118,3.0,2.0,Arganzuela,28005,https://www.fotocasa.es/es/comprar/vivienda/madrid-capital/aire-acondicionado-calefaccion-trastero-ascensor-no-amueblado/189378383/d,2026-04-15T11:00:27.713,40.39792428266903,-3.705102521351009,6.0,Calle de Valdelasierra,2026-09-26,piso,5466.1016949152545,27
189951326,300000.0,59,2.0,1.0,Moncloa - Aravaca,28039,https://www.fotocasa.es/es/comprar/vivienda/madrid-capital/calefaccion-terraza-ascensor/189951326/d,2026-06-11T17:57:30.597,40.46330110068397,-3.7169951867466975,7.0,Calle ALCALDE MARTIN DE ALZAGA,2026-09-26,piso,5084.745762711865,28
190146933,315000.0,67,3.0,1.0,Puente De Vallecas,28038,https://www.fotocasa.es/es/comprar/vivienda/madrid/aire-acondicionado-calefaccion-ascensor/190146933/d,2026-07-03T20:34:33,40.39520686954805,-3.661792706586765,8.0, SANZ RASO,2026-09-26,piso,4701.492537313433,22
189912780,379000.0,61,2.0,2.0,Ciudad Lineal,28027,https://www.fotocasa.es/es/comprar/vivienda/madrid/aire-acondicionado-calefaccion-ascensor/189912780/d,2026-06-08T12:43:21.250,40.43764843392055,-3.6395472339590103,8.0,Calle Luva,2026-09-26,piso,6213.11475409836,17
189962027,999500.0,135,4.0,2.0,Centro,28004,https://www.fotocasa.es/es/comprar/vivienda/madrid/aire-acondicionado-calefaccion-ascensor-no-amueblado/189962027/d,2026-06-12T17:52:08.027,40.42836188326147,-3.700180095930373,,Calle de Sagasta,2026-09-26,piso,7403.7037037037035,57
189592205,389900.0,53,2.0,1.0,Chamberí,28010,https://www.fotocasa.es/es/comprar/vivienda/madrid/calefaccion-ascensor-internet-no-amueblado/189592205/d,2026-05-05T17:32:57.317,40.4367321899197,-3.699880088266296,8.0,Calle de García de Paredes,2026-09-26,piso,7356.603773584906,50
190759212,635000.0,184,3.0,2.0,Vicálvaro,28052,https://www.fotocasa.es/es/comprar/vivienda/madrid-capital/calefaccion-parking-jardin-trastero-zona-comunitaria-ascensor-patio-amueblado-piscina/190759212/d,2026-09-14T12:03:19.390,40.39928966590336,-3.5470017262154925,3.0,Calle Ferenc Puskas,2026-09-26,piso,3451.086956521739,7
190160900,399000.0,77,3.0,1.0,Arganzuela,28045,https://www.fotocasa.es/es/comprar/vivienda/madrid/aire-acondicionado-calefaccion/190160900/d,2026-07-06T11:42:33.263,40.40287433057032,-3.691865220956316,8.0,Calle del Áncora,2026-09-26,piso,5181.818181818182,27
190943237,207000.0,74,3.0,1.0,Carabanchel,28025,https://www.fotocasa.es/es/comprar/vivienda/madrid-capital/terraza-no-amueblado/190943237/d,2026-09-25T19:09:37.150,40.3891339,-3.742042,7.0,Calle de la Laguna,2026-09-26,piso,2797.2972972972975,16
190902679,325000.0,80,2.0,1.0,Latina,28024,https://www.fotocasa.es/es/comprar/vivienda/madrid-capital/aire-acondicionado-calefaccion-parking-jardin-trastero-zona-comunitaria-ascensor-amueblado-internet-piscina/190902679/d,2026-09-22T11:02:29.373,40.39380305244429,-3.7626260392129214,7.0,Calle de Illescas,2026-09-26,piso,4062.5,11
186787281,614000.0,103,2.0,2.0,Fuencarral - El Pardo,28049,https://www.fotocasa.es/es/comprar/vivienda/madrid-capital/aire-acondicionado-calefaccion-parking-jardin-trastero-ascensor/186787281/d,2025-06-13T17:35:17.640,40.50206854010787,-3.704597522368168,5.0,Monasterios de Suso y Yuso,2026-09-26,piso,5961.165048543689,17
189368464,285000.0,83,2.0,1.0,Latina,28011,https://www.fotocasa.es/es/comprar/vivienda/madrid/calefaccion-ascensor-no-amueblado/189368464/d,2026-04-14T11:24:34.160,40.408276260870096,-3.7347368480650656,5.0,Paseo de los Jesuitas,2026-09-26,piso,3433.734939759036,11
189382412,632000.0,59,1.0,1.0,Chamberí,28003,https://www.fotocasa.es/es/comprar/vivienda/madrid/aire-acondicionado-calefaccion-ascensor-amueblado/189382412/d,2026-04-15T14:02:43.060,40.43834324250026,-3.698499287964005,8.0,José Abascal,2026-09-26,piso,10711.864406779661,50
184644876,285000.0,80,3.0,2.0,Latina,28044,https://www.fotocasa.es/es/comprar/vivienda/madrid/aire-acondicionado-calefaccion-terraza-ascensor-amueblado-internet/184644876/d,2024-10-21T17:17:50.800,40.37570589563487,-3.774325366900487,7.0,Calle de Valle Inclán,2026-09-26,piso,3562.5,11
190481776,289000.0,84,3.0,1.0,Puente De Vallecas,28031,https://www.fotocasa.es/es/comprar/vivienda/madrid-capital/aire-acondicionado-calefaccion-ascensor-no-amueblado/190481776/d,2026-08-15T15:01:04.140,40.38050154895951,-3.637158302852524,5.0,Maquinilla,2026-09-26,piso,3440.4761904761904,22
189806775,190000.0,63,3.0,1.0,Carabanchel,28044,https://www.fotocasa.es/es/comprar/vivienda/madrid-capital/calefaccion-terraza-amueblado/189806775/d,2026-05-28T11:37:14.590,40.36885428251848,-3.759650143058063,7.0,Calle Marianistas,2026-09-26,piso,3015.873015873016,16
190188132,190000.0,48,3.0,1.0,Puente De Vallecas,28018,https://www.fotocasa.es/es/comprar/vivienda/madrid-capital/calefaccion/190188132/d,2026-07-08T20:28:41.580,40.38471248280127,-3.6535778396237046,7.0, SAN DIEGO,2026-09-26,piso,3958.3333333333335,22
190683703,268000.0,80,4.0,1.0,Carabanchel,28025,https://www.fotocasa.es/es/comprar/vivienda/madrid-capital/aire-acondicionado-terraza-amueblado/190683703/d,2026-09-07T12:25:35.743,40.38372216355816,-3.746853429728856,,Avenida de Nuestra Señora de Fátima,2026-09-26,piso,3350.0,16
190175702,720000.0,88,3.0,2.0,Retiro,28009,https://www.fotocasa.es/es/comprar/vivienda/madrid-capital/ascensor/190175702/d,2026-07-07T17:43:37.337,40.41871431614,-3.6756351831978,8.0, IBIZA,2026-09-26,piso,8181.818181818182,35
189247502,260000.0,80,2.0,1.0,Puente De Vallecas,28053,https://www.fotocasa.es/es/comprar/vivienda/madrid/aire-acondicionado-calefaccion-terraza-trastero-patio-amueblado/189247502/d,2026-03-30T13:15:34.917,40.37839146411739,-3.671021869647036,,Calle de Peñarroya,2026-09-26,piso,3250.0,22
